Trace,Signal Power (dBm),Noise Floor (dBm),SNR (dB),Edge Frequency Avg (Hz),Condition
Trace_001.csv,-77.96971014,-90.40468927,12.43497912,467562229.8,Clear
Trace_002.csv,-84.89537653,-96.08457627,11.18919974,467566459.9,Clear
Trace_003.csv,-85.85131907,-96.32553672,10.47421765,467566459.9,Clear
Trace_004.csv,-85.59632653,-96.2700565,10.67372997,467562229.8,Clear
Trace_005.csv,-85.35526863,-96.3640113,11.00874267,467566459.9,Clear
Trace_006.csv,-85.56978984,-96.29570621,10.72591637,467566459.9,Clear
Trace_007.csv,-85.53735552,-96.24734463,10.70998912,467566459.9,Clear
Trace_008.csv,-85.155,-96.17056497,11.01556497,467566459.9,Clear
Trace_009.csv,-84.78969424,-96.05666667,11.26697242,467562229.8,Clear
Trace_010.csv,-84.99902174,-96.36045198,11.36143024,467557999.7,Clear
Trace_011.csv,-84.76663082,-96.0479661,11.28133528,467562229.8,Clear
Trace_012.csv,-85.37049822,-95.94418079,10.57368257,467566459.9,Clear
Trace_013.csv,-85.45360444,-96.00062147,10.54701703,467566459.9,Clear
Trace_014.csv,-85.24222609,-96.03344633,10.79122024,467557999.7,Clear
Trace_015.csv,-85.28811951,-96.15293785,10.86481835,467562229.8,Clear
Trace_016.csv,-85.16869775,-96.16248588,10.99378813,467566459.9,Clear
Trace_017.csv,-85.39907563,-96.1440113,10.74493567,467566459.9,Clear
Trace_018.csv,-85.4027768,-96.17146893,10.76869213,467557999.7,Clear
Trace_019.csv,-85.13068143,-95.99446328,10.86378185,467562229.8,Clear
Trace_020.csv,-85.18887868,-96.19355932,11.00468065,467562229.8,Clear
Trace_021.csv,-85.08309645,-96.10937853,11.02628208,467566459.9,Clear
Trace_022.csv,-85.57057491,-96.45915254,10.88857763,467566459.9,Clear
Trace_023.csv,-85.6866893,-96.11887006,10.43218075,467562229.8,Clear
Trace_024.csv,-86.15626935,-96.66525424,10.50898489,467566459.9,Clear
Trace_025.csv,-85.32047788,-96.03033898,10.70986111,467566459.9,Clear
Trace_026.csv,-85.4801083,-96.20480226,10.72469396,467557999.7,Clear
Trace_027.csv,-85.67167558,-96.23683616,10.56516058,467557999.7,Clear
Trace_028.csv,-85.08558929,-96.12169492,11.03610563,467566459.9,Clear
Trace_029.csv,-84.93585198,-96.04152542,11.10567344,467562229.8,Clear
Trace_030.csv,-85.56737649,-96.44830508,10.88092859,467557999.7,Clear
Trace_031.csv,-85.44606667,-96.3639548,10.91788814,467566459.9,Clear
Trace_032.csv,-85.32008772,-96.09016949,10.77008177,467562229.8,Clear
Trace_033.csv,-84.18133094,-96.00011299,11.81878206,467566459.9,Clear
Trace_034.csv,-85.27543058,-96.23638418,10.9609536,467566459.9,Clear
Trace_035.csv,-85.2780651,-96.22118644,10.94312134,467566459.9,Clear
Trace_036.csv,-85.69906511,-96.36073446,10.66166935,467566459.9,Clear
Trace_037.csv,-85.27659218,-96.31096045,11.03436827,467557999.7,Clear
Trace_038.csv,-84.9855,-96.13542373,11.14992373,467562229.8,Clear
Trace_039.csv,-85.51778547,-96.13344633,10.61566086,467566459.9,Clear
Trace_040.csv,-85.41319398,-96.19028249,10.77708851,467566459.9,Clear
Trace_041.csv,-85.45112026,-96.48248588,11.03136561,467557999.7,Clear
Trace_042.csv,-84.98698246,-96.15248588,11.16550342,467566459.9,Clear
Trace_043.csv,-85.06181388,-96.22050847,11.15869459,467557999.7,Clear
Trace_044.csv,-84.93734082,-96.21237288,11.27503206,467566459.9,Clear
Trace_045.csv,-85.30758958,-96.26548023,10.95789065,467566459.9,Clear
Trace_046.csv,-85.48148829,-96.45728814,10.97579984,467566459.9,Clear
Trace_047.csv,-85.15378333,-96.48903955,11.33525621,467566459.9,Clear
Trace_048.csv,-84.81306859,-96.03429379,11.22122519,467557999.7,Clear
Trace_049.csv,-85.63756993,-96.3040678,10.66649787,467566459.9,Clear
Trace_050.csv,-85.91630645,-96.47632768,10.56002123,467562229.8,Clear
Trace_051.csv,-85.77609797,-96.47508475,10.69898677,467557999.7,Clear
Trace_052.csv,-85.24447038,-96.3359887,11.09151832,467557999.7,Clear
Trace_053.csv,-85.18565217,-96.32960452,11.14395235,467562229.8,Clear
Trace_054.csv,-85.10857394,-96.20514124,11.0965673,467562229.8,Clear
Trace_055.csv,-85.01160684,-96.07259887,11.06099203,467566459.9,Clear
Trace_056.csv,-84.98943709,-96.15016949,11.16073241,467566459.9,Clear
Trace_057.csv,-84.84795812,-96.02457627,11.17661816,467557999.7,Clear
Trace_058.csv,-85.40508333,-96.41734463,11.0122613,467557999.7,Clear
Trace_059.csv,-85.04583893,-96.06446328,11.01862435,467562229.8,Clear
Trace_060.csv,-85.13994863,-96.13028249,10.99033386,467562229.8,Clear
Trace_061.csv,-85.95860759,-96.60920904,10.65060144,467562229.8,Clear
Trace_062.csv,-85.22362007,-96.08644068,10.86282061,467566459.9,Clear
Trace_063.csv,-85.2527451,-96.20310734,10.95036225,467562229.8,Clear
Trace_064.csv,-85.18787234,-96.11101695,10.92314461,467557999.7,Clear
Trace_065.csv,-85.61326765,-96.46903955,10.8557719,467562229.8,Clear
Trace_066.csv,-85.6783779,-96.26932203,10.59094414,467566459.9,Clear
Trace_067.csv,-85.48974446,-96.38728814,10.89754367,467566459.9,Clear
Trace_068.csv,-85.38382129,-96.26152542,10.87770413,467562229.8,Clear
Trace_069.csv,-85.61723368,-96.16983051,10.55259683,467557999.7,Clear
Trace_070.csv,-85.34998175,-96.26519774,10.91521599,467562229.8,Clear
Trace_071.csv,-85.46354237,-96.22418079,10.76063842,467562229.8,Clear
Trace_072.csv,-85.33218861,-96.31367232,10.9814837,467566459.9,Clear
Trace_073.csv,-85.52286942,-96.21757062,10.69470121,467566459.9,Clear
Trace_074.csv,-84.97420849,-95.93960452,10.96539603,467566459.9,Clear
Trace_075.csv,-85.06007313,-96.31627119,11.25619806,467566459.9,Clear
Trace_076.csv,-85.04945133,-95.90067797,10.85122664,467566459.9,Clear
Trace_077.csv,-85.39340792,-96.30372881,10.9103209,467566459.9,Clear
Trace_078.csv,-85.26175503,-95.96677966,10.70502463,467566459.9,Clear
Trace_079.csv,-85.51517483,-96.21559322,10.7004184,467557999.7,Clear
Trace_080.csv,-85.15142105,-96.3,11.14857895,467566459.9,Clear
Trace_081.csv,-84.86507965,-95.88502825,11.0199486,467557999.7,Clear
Trace_082.csv,-85.36020033,-96.29564972,10.93544938,467557999.7,Clear
Trace_083.csv,-85.33321549,-96.24440678,10.91119129,467557999.7,Clear
Trace_084.csv,-85.22342199,-96.09485876,10.87143677,467566459.9,Clear
Trace_085.csv,-84.78922242,-96.12621469,11.33699227,467562229.8,Clear
Trace_086.csv,-85.47615385,-96.32903955,10.8528857,467566459.9,Clear
Trace_087.csv,-85.39949301,-96.20745763,10.80796462,467557999.7,Clear
Trace_088.csv,-85.00036166,-96.22220339,11.22184173,467566459.9,Clear
Trace_089.csv,-84.80018293,-96.10468927,11.30450634,467566459.9,Clear
Trace_090.csv,-85.42798347,-96.41745763,10.98947416,467566459.9,Clear
Trace_091.csv,-84.78305499,-96.05497175,11.27191676,467566459.9,Clear
Trace_092.csv,-85.52335727,-96.4479096,10.92455233,467566459.9,Clear
Trace_093.csv,-85.26599309,-96.23983051,10.97383742,467557999.7,Clear
Trace_094.csv,-85.12618629,-96.02677966,10.90059337,467566459.9,Clear
Trace_095.csv,-85.05238779,-96.20310734,11.15071955,467566459.9,Clear
Trace_096.csv,-85.2574141,-96.19022599,10.93281188,467557999.7,Clear
Trace_097.csv,-85.43865854,-96.27943503,10.84077649,467566459.9,Clear
Trace_098.csv,-84.89069903,-96.0340678,11.14336877,467566459.9,Clear
Trace_099.csv,-85.70360215,-96.25146893,10.54786678,467557999.7,Clear
Trace_100.csv,-85.44024867,-96.20293785,10.76268919,467566459.9,Clear
Trace_001.csv,-73.21630282,-82.08740113,8.871098313,467557999.7,SingleTone
Trace_002.csv,-80.66845619,-94.08508475,13.41662856,467562229.8,SingleTone
Trace_003.csv,-80.58364943,-93.80841808,13.22476865,467566459.9,SingleTone
Trace_004.csv,-80.82372414,-93.97745763,13.15373349,467570690,SingleTone
Trace_005.csv,-80.55247059,-93.74536723,13.19289664,467562229.8,SingleTone
Trace_006.csv,-80.39040166,-93.77067797,13.3802763,467570690,SingleTone
Trace_007.csv,-81.18943989,-94.14570621,12.95626632,467562229.8,SingleTone
Trace_008.csv,-80.79349081,-93.7779661,12.98447529,467570690,SingleTone
Trace_009.csv,-80.56146341,-93.61909605,13.05763263,467562229.8,SingleTone
Trace_010.csv,-80.83063599,-93.9920904,13.1614544,467562229.8,SingleTone
Trace_011.csv,-80.94235616,-93.76468927,12.8223331,467557999.7,SingleTone
Trace_012.csv,-81.26767347,-93.88898305,12.62130958,467562229.8,SingleTone
Trace_013.csv,-81.23072193,-93.92090395,12.69018203,467566459.9,SingleTone
Trace_014.csv,-81.04929088,-94.22858757,13.17929669,467557999.7,SingleTone
Trace_015.csv,-80.84695279,-93.90751412,13.06056133,467566459.9,SingleTone
Trace_016.csv,-80.52566319,-93.7439548,13.21829161,467562229.8,SingleTone
Trace_017.csv,-81.40069799,-94.1280791,12.72738111,467562229.8,SingleTone
Trace_018.csv,-80.79698347,-94.08711864,13.29013517,467562229.8,SingleTone
Trace_019.csv,-81.03678161,-94.02355932,12.98677771,467562229.8,SingleTone
Trace_020.csv,-81.07954856,-94.24039548,13.16084692,467566459.9,SingleTone
Trace_021.csv,-80.65237288,-93.80079096,13.14841808,467557999.7,SingleTone
Trace_022.csv,-81.05683562,-93.90711864,12.85028303,467562229.8,SingleTone
Trace_023.csv,-80.98875332,-93.97542373,12.98667041,467566459.9,SingleTone
Trace_024.csv,-80.94356643,-93.70440678,12.76084035,467562229.8,SingleTone
Trace_025.csv,-80.84238223,-94.07333333,13.2309511,467562229.8,SingleTone
Trace_026.csv,-80.68466284,-93.81757062,13.13290778,467566459.9,SingleTone
Trace_027.csv,-81.01738441,-93.90542373,12.88803932,467562229.8,SingleTone
Trace_028.csv,-81.25399723,-94.15033898,12.89634175,467562229.8,SingleTone
Trace_029.csv,-80.81941176,-93.87666667,13.0572549,467566459.9,SingleTone
Trace_030.csv,-81.22615922,-94.01265537,12.78649615,467562229.8,SingleTone
Trace_031.csv,-81.1483288,-94.14084746,12.99251865,467574920.1,SingleTone
Trace_032.csv,-80.8630086,-93.94056497,13.07755638,467562229.8,SingleTone
Trace_033.csv,-81.10984743,-94.05898305,12.94913562,467562229.8,SingleTone
Trace_034.csv,-80.76292818,-93.66271186,12.89978369,467566459.9,SingleTone
Trace_035.csv,-81.16428775,-94.09220339,12.92791564,467557999.7,SingleTone
Trace_036.csv,-81.01038621,-94.06237288,13.05198667,467566459.9,SingleTone
Trace_037.csv,-81.06772414,-94.09576271,13.02803857,467566459.9,SingleTone
Trace_038.csv,-81.0053112,-93.97039548,12.96508428,467557999.7,SingleTone
Trace_039.csv,-80.95513437,-93.57299435,12.61785998,467557999.7,SingleTone
Trace_040.csv,-81.14765867,-94.37508475,13.22742607,467570690,SingleTone
Trace_041.csv,-81.10563459,-94.11079096,13.00515637,467557999.7,SingleTone
Trace_042.csv,-80.93181311,-94.10971751,13.1779044,467562229.8,SingleTone
Trace_043.csv,-80.91953992,-93.73508475,12.81554483,467566459.9,SingleTone
Trace_044.csv,-81.23489569,-94.17677966,12.94188397,467557999.7,SingleTone
Trace_045.csv,-80.92877874,-93.99254237,13.06376364,467566459.9,SingleTone
Trace_046.csv,-80.64904971,-93.69677966,13.04772995,467566459.9,SingleTone
Trace_047.csv,-80.84374121,-93.75079096,12.90704975,467566459.9,SingleTone
Trace_048.csv,-80.3963623,-93.22638418,12.83002188,467557999.7,SingleTone
Trace_049.csv,-80.97707977,-93.87214689,12.89506712,467562229.8,SingleTone
Trace_050.csv,-80.90083333,-93.76785311,12.86701977,467557999.7,SingleTone
Trace_051.csv,-80.89755245,-93.88745763,12.98990518,467566459.9,SingleTone
Trace_052.csv,-81.32225981,-94.14372881,12.821469,467566459.9,SingleTone
Trace_053.csv,-80.7621831,-93.68079096,12.91860786,467557999.7,SingleTone
Trace_054.csv,-80.87,-93.59158192,12.72158192,467566459.9,SingleTone
Trace_055.csv,-81.1384253,-93.64717514,12.50874984,467566459.9,SingleTone
Trace_056.csv,-81.15076177,-94.03333333,12.88257156,467562229.8,SingleTone
Trace_057.csv,-80.76445545,-93.5379661,12.77351066,467574920.1,SingleTone
Trace_058.csv,-81.00640916,-93.73830508,12.73189593,467566459.9,SingleTone
Trace_059.csv,-81.27562244,-94.20858757,12.93296514,467566459.9,SingleTone
Trace_060.csv,-80.40125364,-93.07378531,12.67253167,467557999.7,SingleTone
Trace_061.csv,-81.09525281,-93.92836158,12.83310877,467566459.9,SingleTone
Trace_062.csv,-81.06354483,-93.71943503,12.6558902,467553769.5,SingleTone
Trace_063.csv,-80.87270774,-93.57457627,12.70186853,467570690,SingleTone
Trace_064.csv,-81.03906456,-93.71220339,12.67313883,467562229.8,SingleTone
Trace_065.csv,-81.1030137,-93.7039548,12.6009411,467553769.5,SingleTone
Trace_066.csv,-80.99623448,-93.97717514,12.98094066,467566459.9,SingleTone
Trace_067.csv,-80.87521924,-93.87350282,12.99828359,467562229.8,SingleTone
Trace_068.csv,-81.05312321,-94.02056497,12.96744176,467557999.7,SingleTone
Trace_069.csv,-80.62278761,-93.75429379,13.13150617,467557999.7,SingleTone
Trace_070.csv,-81.07117647,-94.01124294,12.94006647,467566459.9,SingleTone
Trace_071.csv,-80.68120301,-93.78559322,13.10439021,467557999.7,SingleTone
Trace_072.csv,-80.73552989,-94.0160452,13.28051531,467557999.7,SingleTone
Trace_073.csv,-80.7224611,-94.00429379,13.28183268,467574920.1,SingleTone
Trace_074.csv,-80.78334298,-93.89553672,13.11219374,467557999.7,SingleTone
Trace_075.csv,-81.55968085,-94.32757062,12.76788977,467562229.8,SingleTone
Trace_076.csv,-80.88303324,-93.81751412,12.93448088,467566459.9,SingleTone
Trace_077.csv,-81.29604457,-94.07536723,12.77932266,467562229.8,SingleTone
Trace_078.csv,-80.87204906,-94.07757062,13.20552156,467566459.9,SingleTone
Trace_079.csv,-81.18709934,-94.16853107,12.98143174,467549539.4,SingleTone
Trace_080.csv,-81.10291248,-94.31892655,13.21601407,467566459.9,SingleTone
Trace_081.csv,-80.99146685,-94.18677966,13.19531281,467557999.7,SingleTone
Trace_082.csv,-81.10300699,-94.05045198,12.94744498,467562229.8,SingleTone
Trace_083.csv,-81.30701613,-94.44954802,13.14253189,467562229.8,SingleTone
Trace_084.csv,-80.73745042,-94.05412429,13.31667387,467557999.7,SingleTone
Trace_085.csv,-81.10727403,-94.09971751,12.99244348,467570690,SingleTone
Trace_086.csv,-80.93823695,-93.85553672,12.91729977,467562229.8,SingleTone
Trace_087.csv,-80.91031856,-94.03621469,13.12589613,467566459.9,SingleTone
Trace_088.csv,-80.97349501,-94.14926554,13.17577053,467562229.8,SingleTone
Trace_089.csv,-80.77853067,-93.7780791,12.99954843,467566459.9,SingleTone
Trace_090.csv,-81.06744799,-94.11768362,13.05023563,467557999.7,SingleTone
Trace_091.csv,-80.92272981,-94.20988701,13.2871572,467566459.9,SingleTone
Trace_092.csv,-81.01087989,-94.12909605,13.11821616,467566459.9,SingleTone
Trace_093.csv,-80.42806818,-93.85090395,13.42283577,467562229.8,SingleTone
Trace_094.csv,-80.70351003,-93.9099435,13.20643347,467570690,SingleTone
Trace_095.csv,-80.92758087,-94.12141243,13.19383156,467562229.8,SingleTone
Trace_096.csv,-80.81387464,-93.90932203,13.09544739,467566459.9,SingleTone
Trace_097.csv,-80.87026012,-94.07225989,13.20199977,467557999.7,SingleTone
Trace_098.csv,-80.63507102,-93.8699435,13.23487248,467557999.7,SingleTone
Trace_099.csv,-81.01306834,-93.96610169,12.95303335,467557999.7,SingleTone
Trace_100.csv,-80.48933333,-93.71175141,13.22241808,467557999.7,SingleTone
Trace_001.csv,-72.49808402,-82.90152542,10.40344141,467562229.8,SingleTone
Trace_002.csv,-79.88751734,-93.39237288,13.50485554,467566459.9,SingleTone
Trace_003.csv,-79.94930041,-93.77491525,13.82561484,467570690,SingleTone
Trace_004.csv,-80.30252276,-93.58768362,13.28516086,467557999.7,SingleTone
Trace_005.csv,-79.51090014,-93.28033898,13.76943884,467562229.8,SingleTone
Trace_006.csv,-79.86693657,-93.20265537,13.3357188,467562229.8,SingleTone
Trace_007.csv,-79.99327027,-93.35740113,13.36413086,467562229.8,SingleTone
Trace_008.csv,-79.8965493,-93.59135593,13.69480664,467566459.9,SingleTone
Trace_009.csv,-80.37931964,-93.72463277,13.34531313,467570690,SingleTone
Trace_010.csv,-79.83828338,-93.51751412,13.67923075,467553769.5,SingleTone
Trace_011.csv,-79.76928571,-93.48615819,13.71687248,467562229.8,SingleTone
Trace_012.csv,-79.54473761,-93.23062147,13.68588386,467557999.7,SingleTone
Trace_013.csv,-80.10513333,-93.89903955,13.79390621,467553769.5,SingleTone
Trace_014.csv,-79.90153953,-93.55327684,13.65173731,467562229.8,SingleTone
Trace_015.csv,-79.97282967,-93.57,13.59717033,467557999.7,SingleTone
Trace_016.csv,-79.9107113,-93.39937853,13.48866723,467562229.8,SingleTone
Trace_017.csv,-79.89674189,-93.59146893,13.69472704,467557999.7,SingleTone
Trace_018.csv,-79.81506173,-93.33039548,13.51533375,467557999.7,SingleTone
Trace_019.csv,-80.13708844,-93.55079096,13.41370253,467562229.8,SingleTone
Trace_020.csv,-80.07475661,-93.66112994,13.58637334,467566459.9,SingleTone
Trace_021.csv,-80.03586777,-93.69372881,13.65786104,467553769.5,SingleTone
Trace_022.csv,-79.82638298,-93.4780791,13.65169612,467566459.9,SingleTone
Trace_023.csv,-80.14268775,-93.52344633,13.38075858,467562229.8,SingleTone
Trace_024.csv,-79.67083562,-93.30864407,13.63780845,467553769.5,SingleTone
Trace_025.csv,-79.88776139,-93.3020339,13.4142725,467570690,SingleTone
Trace_026.csv,-79.59544582,-93.15683616,13.56139034,467566459.9,SingleTone
Trace_027.csv,-79.53444444,-93.25265537,13.71821092,467557999.7,SingleTone
Trace_028.csv,-79.80852982,-93.23649718,13.42796736,467562229.8,SingleTone
Trace_029.csv,-79.88845304,-93.37683616,13.48838312,467566459.9,SingleTone
Trace_030.csv,-80.02325203,-93.65067797,13.62742593,467566459.9,SingleTone
Trace_031.csv,-79.6971159,-93.43067797,13.73356206,467557999.7,SingleTone
Trace_032.csv,-79.88202429,-93.57175141,13.68972712,467566459.9,SingleTone
Trace_033.csv,-80.10080107,-93.5919209,13.49111984,467562229.8,SingleTone
Trace_034.csv,-79.90366985,-93.41016949,13.50649964,467566459.9,SingleTone
Trace_035.csv,-80.07026667,-93.64423729,13.57397062,467570690,SingleTone
Trace_036.csv,-79.5141841,-93.12740113,13.61321703,467557999.7,SingleTone
Trace_037.csv,-79.98736772,-93.44028249,13.45291476,467562229.8,SingleTone
Trace_038.csv,-79.94215818,-93.55011299,13.60795482,467562229.8,SingleTone
Trace_039.csv,-80.11856563,-93.6300565,13.51149087,467557999.7,SingleTone
Trace_040.csv,-79.83184874,-93.24502825,13.41317951,467566459.9,SingleTone
Trace_041.csv,-80.15611702,-93.72813559,13.57201857,467557999.7,SingleTone
Trace_042.csv,-79.89516484,-93.31853107,13.42336624,467562229.8,SingleTone
Trace_043.csv,-80.18696405,-93.53531073,13.34834669,467570690,SingleTone
Trace_044.csv,-79.60953975,-93.26587571,13.65633596,467562229.8,SingleTone
Trace_045.csv,-79.79460798,-93.37491525,13.58030728,467562229.8,SingleTone
Trace_046.csv,-79.95185083,-93.6199435,13.66809267,467562229.8,SingleTone
Trace_047.csv,-79.80275815,-93.43559322,13.63283507,467557999.7,SingleTone
Trace_048.csv,-79.70608877,-93.33158192,13.62549316,467562229.8,SingleTone
Trace_049.csv,-79.66455923,-93.40118644,13.73662721,467553769.5,SingleTone
Trace_050.csv,-79.92690763,-93.56819209,13.64128446,467562229.8,SingleTone
Trace_051.csv,-79.91246649,-93.64971751,13.73725103,467562229.8,SingleTone
Trace_052.csv,-80.0465847,-93.47180791,13.42522321,467557999.7,SingleTone
Trace_053.csv,-79.79026352,-93.43248588,13.64222235,467553769.5,SingleTone
Trace_054.csv,-79.76442953,-93.51457627,13.75014674,467566459.9,SingleTone
Trace_055.csv,-79.93196453,-93.69423729,13.76227276,467562229.8,SingleTone
Trace_056.csv,-79.634329,-93.48971751,13.85538851,467557999.7,SingleTone
Trace_057.csv,-79.79414465,-93.45152542,13.65738078,467557999.7,SingleTone
Trace_058.csv,-79.62976912,-93.29508475,13.66531563,467557999.6,SingleTone
Trace_059.csv,-79.94515363,-93.4340113,13.48885767,467553769.5,SingleTone
Trace_060.csv,-79.76855319,-93.45067797,13.68212477,467566459.9,SingleTone
Trace_061.csv,-79.66619372,-93.12474576,13.45855204,467566459.9,SingleTone
Trace_062.csv,-79.91147952,-93.47926554,13.56778601,467557999.7,SingleTone
Trace_063.csv,-80.15673127,-93.72372881,13.56699755,467566459.9,SingleTone
Trace_064.csv,-80.05025,-93.64141243,13.59116243,467553769.5,SingleTone
Trace_065.csv,-80.02165113,-93.47728814,13.455637,467566459.9,SingleTone
Trace_066.csv,-80.23256649,-93.61858757,13.38602108,467562229.8,SingleTone
Trace_067.csv,-79.92874656,-93.28728814,13.35854158,467557999.7,SingleTone
Trace_068.csv,-79.90809973,-93.35384181,13.44574208,467566459.9,SingleTone
Trace_069.csv,-79.39987069,-93.0760452,13.67617451,467557999.7,SingleTone
Trace_070.csv,-80.22198939,-93.66,13.43801061,467562229.8,SingleTone
Trace_071.csv,-80.08036939,-93.7340678,13.6536984,467557999.7,SingleTone
Trace_072.csv,-79.47558699,-93.3479661,13.87237911,467553769.5,SingleTone
Trace_073.csv,-79.63481742,-93.60282486,13.96800744,467570690,SingleTone
Trace_074.csv,-80.2514324,-93.67463277,13.42320037,467566459.9,SingleTone
Trace_075.csv,-79.40578431,-92.9740113,13.56822699,467553769.5,SingleTone
Trace_076.csv,-79.71629834,-93.56214689,13.84584855,467562229.8,SingleTone
Trace_077.csv,-79.8354235,-93.39615819,13.56073469,467562229.8,SingleTone
Trace_078.csv,-79.52629213,-93.24587571,13.71958357,467557999.6,SingleTone
Trace_079.csv,-80.27707751,-93.82576271,13.5486852,467566459.9,SingleTone
Trace_080.csv,-79.80682256,-93.45011299,13.64329044,467557999.7,SingleTone
Trace_081.csv,-80.02835841,-93.91378531,13.8854269,467562229.8,SingleTone
Trace_082.csv,-79.72095436,-93.37350282,13.65254847,467570690,SingleTone
Trace_083.csv,-80.02743902,-93.65016949,13.62273047,467553769.5,SingleTone
Trace_084.csv,-79.42607504,-93.13728814,13.7112131,467557999.7,SingleTone
Trace_085.csv,-79.92774064,-93.58118644,13.6534458,467553769.5,SingleTone
Trace_086.csv,-79.87377229,-93.55254237,13.67877008,467557999.7,SingleTone
Trace_087.csv,-79.80541899,-93.49101695,13.68559795,467557999.7,SingleTone
Trace_088.csv,-80.16389628,-93.61587571,13.45197943,467562229.8,SingleTone
Trace_089.csv,-79.9229249,-93.42039548,13.49747058,467566459.9,SingleTone
Trace_090.csv,-80.22488712,-93.87966102,13.6547739,467557999.7,SingleTone
Trace_091.csv,-79.85311231,-93.34350282,13.49039051,467553769.5,SingleTone
Trace_092.csv,-79.84986301,-93.6159887,13.76612569,467566459.9,SingleTone
Trace_093.csv,-80.14220867,-93.70700565,13.56479698,467562229.8,SingleTone
Trace_094.csv,-79.78236842,-93.2259322,13.44356378,467549539.4,SingleTone
Trace_095.csv,-80.19703226,-93.48429379,13.28726153,467562229.8,SingleTone
Trace_096.csv,-80.05417553,-93.52570621,13.47153068,467574920.1,SingleTone
Trace_097.csv,-79.75138177,-93.39022599,13.63884422,467557999.7,SingleTone
Trace_098.csv,-79.55656695,-93.16451977,13.60795282,467566459.9,SingleTone
Trace_099.csv,-79.88938608,-93.30259887,13.41321279,467562229.8,SingleTone
Trace_100.csv,-79.81157534,-93.17683616,13.36526082,467562229.8,SingleTone
Trace_001.csv,-69.57991935,-79.67418079,10.09426144,467562229.8,SingleTone
Trace_002.csv,-77.74460509,-91.68491525,13.94031017,467553769.5,SingleTone
Trace_003.csv,-78.51533587,-92.53271186,14.017376,467570690,SingleTone
Trace_004.csv,-78.30571063,-92.76,14.45428937,467553769.5,SingleTone
Trace_005.csv,-78.23121762,-92.33248588,14.10126826,467557999.7,SingleTone
Trace_006.csv,-78.41545695,-92.32858757,13.91313062,467562229.8,SingleTone
Trace_007.csv,-78.81493134,-92.63960452,13.82467318,467570690,SingleTone
Trace_008.csv,-78.46515915,-92.47011299,14.00495384,467566459.9,SingleTone
Trace_009.csv,-78.64698373,-92.30932203,13.6623383,467553769.5,SingleTone
Trace_010.csv,-78.21765092,-92.3820904,14.16443948,467566459.9,SingleTone
Trace_011.csv,-78.37248705,-92.40152542,14.02903838,467570690,SingleTone
Trace_012.csv,-78.14888591,-92.20926554,14.06037963,467557999.6,SingleTone
Trace_013.csv,-78.35857143,-92.46587571,14.10730428,467553769.5,SingleTone
Trace_014.csv,-78.2828084,-92.46305085,14.18024245,467545309.3,SingleTone
Trace_015.csv,-78.36056774,-92.43265537,14.07208763,467557999.7,SingleTone
Trace_016.csv,-77.84063342,-91.91683616,14.07620274,467557999.7,SingleTone
Trace_017.csv,-78.03044236,-91.94638418,13.91594182,467570690,SingleTone
Trace_018.csv,-78.27648221,-92.24587571,13.96939349,467570690,SingleTone
Trace_019.csv,-78.16340233,-92.24949153,14.0860892,467570690,SingleTone
Trace_020.csv,-78.45924623,-92.32299435,13.86374812,467557999.7,SingleTone
Trace_021.csv,-77.98348059,-92.20932203,14.22584144,467553769.5,SingleTone
Trace_022.csv,-78.22751289,-92.26536723,14.03785435,467574920.2,SingleTone
Trace_023.csv,-78.43198492,-92.38853107,13.95654615,467566459.9,SingleTone
Trace_024.csv,-78.39741026,-92.45175141,14.05434116,467562229.8,SingleTone
Trace_025.csv,-78.46202989,-92.58175141,14.11972152,467545309.3,SingleTone
Trace_026.csv,-78.37773263,-92.48819209,14.11045946,467557999.7,SingleTone
Trace_027.csv,-78.31862252,-92.53056497,14.21194246,467566459.9,SingleTone
Trace_028.csv,-78.18350993,-92.55389831,14.37038837,467557999.7,SingleTone
Trace_029.csv,-78.50438931,-92.46468927,13.96029995,467562229.8,SingleTone
Trace_030.csv,-78.13711735,-92.13943503,14.00231768,467566459.9,SingleTone
Trace_031.csv,-78.16629256,-92.24932203,14.08302947,467562229.8,SingleTone
Trace_032.csv,-78.34,-92.29988701,13.95988701,467557999.7,SingleTone
Trace_033.csv,-78.4864259,-92.38084746,13.89442155,467570690,SingleTone
Trace_034.csv,-78.25404938,-91.86666667,13.61261728,467566459.9,SingleTone
Trace_035.csv,-78.04873995,-92.27610169,14.22736175,467557999.7,SingleTone
Trace_036.csv,-78.24061497,-92.40384181,14.16322683,467570690,SingleTone
Trace_037.csv,-78.23197659,-92.29864407,14.06666747,467562229.8,SingleTone
Trace_038.csv,-78.28388527,-92.42909605,14.14521078,467562229.8,SingleTone
Trace_039.csv,-78.56383489,-92.28819209,13.7243572,467557999.7,SingleTone
Trace_040.csv,-78.31162853,-92.51875706,14.20712853,467553769.5,SingleTone
Trace_041.csv,-78.58483791,-92.72666667,14.14182876,467566459.9,SingleTone
Trace_042.csv,-77.93576565,-92.24728814,14.31152249,467562229.8,SingleTone
Trace_043.csv,-78.28531888,-92.47661017,14.19129129,467557999.7,SingleTone
Trace_044.csv,-78.01584713,-92.08378531,14.06793818,467566459.9,SingleTone
Trace_045.csv,-77.66261773,-92.2559887,14.59337097,467562229.8,SingleTone
Trace_046.csv,-78.29338896,-92.50615819,14.21276923,467562229.8,SingleTone
Trace_047.csv,-78.37956577,-92.8420904,14.46252462,467553769.5,SingleTone
Trace_048.csv,-78.12631717,-92.0879096,13.96159244,467557999.7,SingleTone
Trace_049.csv,-77.88284031,-91.81864407,13.93580375,467557999.7,SingleTone
Trace_050.csv,-78.19225064,-92.00146893,13.80921829,467570690,SingleTone
Trace_051.csv,-78.1689172,-92.30384181,14.13492461,467570690,SingleTone
Trace_052.csv,-78.10262484,-91.93135593,13.82873109,467562229.8,SingleTone
Trace_053.csv,-78.19101412,-92.18774011,13.99672599,467566459.9,SingleTone
Trace_054.csv,-77.89833777,-92.13175141,14.23341365,467562229.8,SingleTone
Trace_055.csv,-78.18631043,-92.17694915,13.99063872,467549539.4,SingleTone
Trace_056.csv,-78.04078877,-91.91819209,13.87740332,467557999.7,SingleTone
Trace_057.csv,-78.21730179,-92.22960452,14.01230273,467562229.8,SingleTone
Trace_058.csv,-77.75556878,-91.74316384,13.98759506,467562229.8,SingleTone
Trace_059.csv,-77.7689433,-91.89344633,14.12450303,467562229.8,SingleTone
Trace_060.csv,-78.16435669,-92.13700565,13.97264896,467562229.8,SingleTone
Trace_061.csv,-78.13161168,-92.17333333,14.04172166,467570690,SingleTone
Trace_062.csv,-77.90181937,-91.83649718,13.9346778,467562229.8,SingleTone
Trace_063.csv,-77.80884363,-91.64830508,13.83946146,467574920.2,SingleTone
Trace_064.csv,-77.81807888,-91.72186441,13.90378553,467562229.8,SingleTone
Trace_065.csv,-78.13427665,-91.93751412,13.80323747,467570690,SingleTone
Trace_066.csv,-78.19862624,-92.06519774,13.8665715,467562229.8,SingleTone
Trace_067.csv,-77.75238786,-91.81457627,14.06218841,467553769.5,SingleTone
Trace_068.csv,-77.7395806,-92.27858757,14.53900697,467553769.5,SingleTone
Trace_069.csv,-77.90201018,-91.95389831,14.05188813,467562229.8,SingleTone
Trace_070.csv,-77.96606727,-92.10870056,14.14263329,467553769.5,SingleTone
Trace_071.csv,-77.8869404,-92.00768362,14.12074322,467553769.5,SingleTone
Trace_072.csv,-77.97410783,-92.0120339,14.03792607,467562229.8,SingleTone
Trace_073.csv,-77.93331558,-92.18378531,14.25046973,467570690,SingleTone
Trace_074.csv,-78.36708798,-92.46971751,14.10262953,467557999.7,SingleTone
Trace_075.csv,-77.55866667,-91.82316384,14.26449718,467557999.7,SingleTone
Trace_076.csv,-78.21641439,-92.22135593,14.00494154,467566459.9,SingleTone
Trace_077.csv,-78.01174079,-92.17977401,14.16803322,467557999.7,SingleTone
Trace_078.csv,-78.02702073,-92.02361582,13.99659509,467557999.7,SingleTone
Trace_079.csv,-77.84789737,-91.95220339,14.10430602,467566459.9,SingleTone
Trace_080.csv,-77.9961125,-92.09118644,14.09507394,467557999.7,SingleTone
Trace_081.csv,-77.8607751,-91.92175141,14.06097632,467562229.8,SingleTone
Trace_082.csv,-78.42431447,-92.29920904,13.87489457,467566459.9,SingleTone
Trace_083.csv,-78.13602774,-91.89689266,13.76086491,467557999.7,SingleTone
Trace_084.csv,-78.12128269,-92.01887006,13.89758737,467570690,SingleTone
Trace_085.csv,-77.92355954,-92.11728814,14.1937286,467566459.9,SingleTone
Trace_086.csv,-77.00492903,-91.6079096,14.60298057,467562229.8,SingleTone
Trace_087.csv,-77.88209032,-92.16079096,14.27870064,467570690,SingleTone
Trace_088.csv,-78.01781088,-92.06774011,14.04992923,467562229.8,SingleTone
Trace_089.csv,-77.80227951,-91.89084746,14.08856795,467574920.2,SingleTone
Trace_090.csv,-77.9793904,-92.10502825,14.12563785,467566459.9,SingleTone
Trace_091.csv,-77.73051656,-91.91084746,14.1803309,467557999.7,SingleTone
Trace_092.csv,-77.84195026,-91.91254237,14.07059211,467566459.9,SingleTone
Trace_093.csv,-78.37254386,-92.32338983,13.95084597,467562229.8,SingleTone
Trace_094.csv,-77.48826027,-91.52225989,14.03399961,467566459.9,SingleTone
Trace_095.csv,-78.01629911,-92.13372881,14.1174297,467566459.9,SingleTone
Trace_096.csv,-77.96050331,-92.19107345,14.23057014,467553769.5,SingleTone
Trace_097.csv,-77.74835509,-91.8559887,14.10763361,467557999.7,SingleTone
Trace_098.csv,-77.8509379,-92.14508475,14.29414685,467557999.7,SingleTone
Trace_099.csv,-77.98112245,-92.16977401,14.18865156,467570690,SingleTone
Trace_100.csv,-78.01755076,-91.89966102,13.88211026,467562229.8,SingleTone
Trace_001.csv,-66.79121832,-77.18632768,10.39510936,467562229.8,SingleTone
Trace_002.csv,-76.14404703,-90.28067797,14.13663094,467562229.8,SingleTone
Trace_003.csv,-75.85887056,-90.37937853,14.52050797,467557999.7,SingleTone
Trace_004.csv,-75.81140329,-90.3879661,14.57656281,467557999.7,SingleTone
Trace_005.csv,-75.79340561,-90.34644068,14.55303507,467553769.5,SingleTone
Trace_006.csv,-77.62233449,-92.00129944,14.37896494,467562229.8,SingleTone
Trace_007.csv,-76.069775,-90.75514124,14.68536624,467570690,SingleTone
Trace_008.csv,-76.62368605,-90.81350282,14.18981678,467562229.8,SingleTone
Trace_009.csv,-76.97525264,-91.65293785,14.67768521,467557999.7,SingleTone
Trace_010.csv,-75.97328302,-90.34706215,14.37377913,467557999.7,SingleTone
Trace_011.csv,-76.18337408,-90.86355932,14.68018524,467562229.8,SingleTone
Trace_012.csv,-75.98067319,-90.85847458,14.87780138,467549539.4,SingleTone
Trace_013.csv,-76.13474065,-90.68638418,14.55164353,467557999.7,SingleTone
Trace_014.csv,-75.93444578,-90.60711864,14.67267286,467562229.8,SingleTone
Trace_015.csv,-75.92505038,-90.44858757,14.52353719,467562229.8,SingleTone
Trace_016.csv,-75.88515337,-90.47073446,14.58558109,467549539.4,SingleTone
Trace_017.csv,-76.29519277,-90.54446328,14.24927051,467562229.8,SingleTone
Trace_018.csv,-76.02107843,-90.8480226,14.82694417,467553769.5,SingleTone
Trace_019.csv,-75.61631778,-90.34016949,14.72385171,467574920.1,SingleTone
Trace_020.csv,-75.97106436,-90.3020904,14.33102604,467562229.8,SingleTone
Trace_021.csv,-76.1339372,-90.79186441,14.65792721,467557999.7,SingleTone
Trace_022.csv,-76.05347561,-90.50129944,14.44782383,467562229.8,SingleTone
Trace_023.csv,-76.32958987,-91.00485876,14.67526889,467566459.9,SingleTone
Trace_024.csv,-75.87257862,-90.27423729,14.40165867,467566459.9,SingleTone
Trace_025.csv,-75.87934325,-90.49610169,14.61675845,467557999.7,SingleTone
Trace_026.csv,-75.80970516,-90.48570621,14.67600105,467570690,SingleTone
Trace_027.csv,-76.31086585,-90.59909605,14.28823019,467562229.8,SingleTone
Trace_028.csv,-75.89713407,-90.35186441,14.45473034,467566459.9,SingleTone
Trace_029.csv,-75.88474937,-90.41367232,14.52892294,467553769.5,SingleTone
Trace_030.csv,-75.72907731,-90.33485876,14.60578145,467566459.9,SingleTone
Trace_031.csv,-76.04044578,-90.55259887,14.51215309,467566459.9,SingleTone
Trace_032.csv,-76.84790698,-91.57536723,14.72746025,467562229.8,SingleTone
Trace_033.csv,-76.02060901,-90.3079096,14.28730059,467557999.7,SingleTone
Trace_034.csv,-75.73015171,-90.20112994,14.47097824,467574920.1,SingleTone
Trace_035.csv,-76.6384316,-91.28016949,14.64173789,467570690,SingleTone
Trace_036.csv,-76.36454651,-91.24694915,14.88240264,467562229.8,SingleTone
Trace_037.csv,-75.58091593,-90.43988701,14.85897107,467557999.7,SingleTone
Trace_038.csv,-76.34932285,-90.85039548,14.50107263,467553769.5,SingleTone
Trace_039.csv,-75.82942402,-90.6019209,14.77249688,467566459.9,SingleTone
Trace_040.csv,-76.72135294,-91.80039548,15.07904254,467536849.1,SingleTone
Trace_041.csv,-76.06463855,-90.66536723,14.60072868,467545309.3,SingleTone
Trace_042.csv,-75.91235589,-90.49870056,14.58634468,467553769.5,SingleTone
Trace_043.csv,-75.66650955,-90.07096045,14.4044509,467553769.5,SingleTone
Trace_044.csv,-77.02352113,-91.49322034,14.46969921,467557999.7,SingleTone
Trace_045.csv,-75.40967005,-90.13587571,14.72620566,467562229.8,SingleTone
Trace_046.csv,-76.15759615,-90.67655367,14.51895752,467553769.5,SingleTone
Trace_047.csv,-76.30876202,-91.06559322,14.7568312,467566459.9,SingleTone
Trace_048.csv,-76.53956057,-91.32819209,14.78863152,467570690,SingleTone
Trace_049.csv,-76.099801,-90.59322034,14.49341934,467566459.9,SingleTone
Trace_050.csv,-76.55870732,-91.0499435,14.49123619,467557999.7,SingleTone
Trace_051.csv,-75.665,-90.25723164,14.59223164,467562229.8,SingleTone
Trace_052.csv,-76.14971744,-91.01028249,14.86056504,467553769.5,SingleTone
Trace_053.csv,-75.98101591,-90.75220339,14.77118748,467557999.7,SingleTone
Trace_054.csv,-76.11659314,-90.74084746,14.62425432,467566459.9,SingleTone
Trace_055.csv,-75.98195864,-90.56954802,14.58758939,467566459.9,SingleTone
Trace_056.csv,-75.87188206,-90.49875706,14.626875,467562229.8,SingleTone
Trace_057.csv,-76.86784906,-91.03440678,14.16655772,467557999.7,SingleTone
Trace_058.csv,-76.06620301,-90.61915254,14.55294953,467570690,SingleTone
Trace_059.csv,-77.10931361,-91.64231638,14.53300277,467562229.8,SingleTone
Trace_060.csv,-75.6337831,-90.17118644,14.53740334,467562229.8,SingleTone
Trace_061.csv,-76.18698297,-90.51689266,14.32990969,467562229.8,SingleTone
Trace_062.csv,-75.74585551,-90.20745763,14.46160211,467579150.3,SingleTone
Trace_063.csv,-76.07905405,-90.72446328,14.64540922,467557999.7,SingleTone
Trace_064.csv,-76.25944578,-90.90971751,14.65027173,467574920.1,SingleTone
Trace_065.csv,-77.00609871,-91.5279661,14.52186739,467562229.8,SingleTone
Trace_066.csv,-75.97962406,-90.61836158,14.63873752,467562229.8,SingleTone
Trace_067.csv,-75.80066749,-90.38186441,14.58119692,467553769.5,SingleTone
Trace_068.csv,-75.82037783,-90.67542373,14.8550459,467553769.5,SingleTone
Trace_069.csv,-75.90055825,-90.67361582,14.77305757,467562229.8,SingleTone
Trace_070.csv,-76.39223267,-91.07508475,14.68285208,467566459.9,SingleTone
Trace_071.csv,-76.89656943,-91.62355932,14.72698989,467566459.9,SingleTone
Trace_072.csv,-76.0709875,-90.90242938,14.83144188,467570690,SingleTone
Trace_073.csv,-76.08823821,-90.88813559,14.79989738,467570690,SingleTone
Trace_074.csv,-75.62012821,-90.37384181,14.7537136,467553769.5,SingleTone
Trace_075.csv,-76.03370647,-90.85180791,14.81810144,467557999.7,SingleTone
Trace_076.csv,-76.09615951,-90.6420339,14.54587439,467570690,SingleTone
Trace_077.csv,-75.79788535,-90.63819209,14.84030674,467566459.9,SingleTone
Trace_078.csv,-76.58763221,-91.28864407,14.70101186,467557999.7,SingleTone
Trace_079.csv,-76.22082143,-90.82485876,14.60403733,467562229.8,SingleTone
Trace_080.csv,-75.99092385,-90.4300565,14.43913265,467545309.3,SingleTone
Trace_081.csv,-75.88789539,-90.58435028,14.69645489,467553769.5,SingleTone
Trace_082.csv,-75.95705368,-90.45853107,14.50147739,467557999.7,SingleTone
Trace_083.csv,-76.05843554,-90.57717514,14.5187396,467566459.9,SingleTone
Trace_084.csv,-76.36989298,-90.86824859,14.4983556,467545309.3,SingleTone
Trace_085.csv,-76.2650918,-90.89785311,14.63276131,467549539.4,SingleTone
Trace_086.csv,-76.35584928,-90.83146893,14.47561964,467553769.5,SingleTone
Trace_087.csv,-76.47575574,-91.04169492,14.56593917,467553769.5,SingleTone
Trace_088.csv,-76.2944125,-90.61175141,14.31733891,467557999.7,SingleTone
Trace_089.csv,-76.34641345,-90.88700565,14.5405922,467553769.5,SingleTone
Trace_090.csv,-76.72608222,-91.14915254,14.42307032,467557999.7,SingleTone
Trace_091.csv,-76.48847102,-91.08694915,14.59847813,467570690,SingleTone
Trace_092.csv,-76.0139871,-90.70220339,14.68821629,467549539.4,SingleTone
Trace_093.csv,-76.89391095,-91.42248588,14.52857493,467566459.9,SingleTone
Trace_094.csv,-76.08892947,-90.83548023,14.74655075,467553769.5,SingleTone
Trace_095.csv,-76.32601726,-91.05491525,14.72889799,467562229.8,SingleTone
Trace_096.csv,-76.4413625,-90.95632768,14.51496518,467574920.2,SingleTone
Trace_097.csv,-77.30322929,-91.83033898,14.52710969,467562229.8,SingleTone
Trace_098.csv,-76.55562576,-91.01943503,14.46380927,467570690,SingleTone
Trace_099.csv,-76.04740788,-90.77892655,14.73151868,467562229.8,SingleTone
Trace_100.csv,-76.37535055,-90.94638418,14.57103363,467557999.7,SingleTone
Trace_001.csv,-64.24580175,-76.03101695,11.7852152,467557999.7,SingleTone
Trace_002.csv,-74.47888626,-88.92067797,14.44179171,467562229.8,SingleTone
Trace_003.csv,-74.66848596,-89.45706215,14.78857619,467562229.8,SingleTone
Trace_004.csv,-74.89936068,-89.63152542,14.73216475,467553769.5,SingleTone
Trace_005.csv,-73.76146635,-89.08751412,15.32604778,467562229.8,SingleTone
Trace_006.csv,-74.79558723,-90.04638418,15.25079695,467562229.8,SingleTone
Trace_007.csv,-74.0351135,-88.92683616,14.89172266,467566459.9,SingleTone
Trace_008.csv,-73.05936789,-88.08175141,15.02238352,467549539.4,SingleTone
Trace_009.csv,-73.53940334,-88.74079096,15.20138762,467557999.7,SingleTone
Trace_010.csv,-73.40638246,-88.29661017,14.89022771,467570690,SingleTone
Trace_011.csv,-73.9577327,-88.79446328,14.83673058,467562229.8,SingleTone
Trace_012.csv,-74.05518072,-88.74661017,14.69142945,467562229.8,SingleTone
Trace_013.csv,-74.04405952,-89.07711864,15.03305912,467557999.7,SingleTone
Trace_014.csv,-74.1865435,-89.09118644,14.90464294,467562229.8,SingleTone
Trace_015.csv,-74.22275208,-89.08163842,14.85888634,467562229.8,SingleTone
Trace_016.csv,-74.21096812,-89.21977401,15.00880589,467562229.8,SingleTone
Trace_017.csv,-74.35718343,-89.27610169,14.91891826,467566459.9,SingleTone
Trace_018.csv,-74.39745327,-89.32079096,14.92333769,467562229.8,SingleTone
Trace_019.csv,-74.38212121,-89.43559322,15.05347201,467553769.5,SingleTone
Trace_020.csv,-74.25298472,-89.1440113,14.89102658,467566459.9,SingleTone
Trace_021.csv,-73.8594075,-88.73028249,14.87087499,467553769.5,SingleTone
Trace_022.csv,-73.91453682,-88.57926554,14.66472872,467566459.9,SingleTone
Trace_023.csv,-74.57615925,-89.27231638,14.69615713,467557999.7,SingleTone
Trace_024.csv,-74.23156287,-89.32062147,15.0890586,467566459.9,SingleTone
Trace_025.csv,-74.11788732,-89.10186441,14.98397708,467570690,SingleTone
Trace_026.csv,-74.28435294,-89.65096045,15.36660751,467566459.9,SingleTone
Trace_027.csv,-74.05938824,-88.81785311,14.75846487,467574920.2,SingleTone
Trace_028.csv,-74.20159574,-89.10649718,14.90490143,467562229.8,SingleTone
Trace_029.csv,-73.99838384,-88.81903955,14.82065571,467579150.3,SingleTone
Trace_030.csv,-74.80008475,-89.48028249,14.68019774,467562229.8,SingleTone
Trace_031.csv,-74.8289759,-89.82519774,14.99622184,467570690,SingleTone
Trace_032.csv,-74.50108911,-89.33288136,14.83179225,467566459.9,SingleTone
Trace_033.csv,-74.89856481,-89.70423729,14.80567247,467557999.7,SingleTone
Trace_034.csv,-74.54394052,-89.35858757,14.81464705,467545309.3,SingleTone
Trace_035.csv,-74.5025335,-88.99768362,14.49515012,467557999.7,SingleTone
Trace_036.csv,-73.54071256,-88.89661017,15.35589761,467549539.4,SingleTone
Trace_037.csv,-74.12271951,-88.77446328,14.65174376,467566459.9,SingleTone
Trace_038.csv,-74.65406921,-89.21271186,14.55864265,467549539.4,SingleTone
Trace_039.csv,-74.39543135,-89.01531073,14.61987939,467562229.8,SingleTone
Trace_040.csv,-74.33359853,-88.75548023,14.42188169,467562229.8,SingleTone
Trace_041.csv,-74.7271897,-89.37265537,14.64546567,467570690,SingleTone
Trace_042.csv,-74.35930233,-89.17655367,14.81725135,467549539.4,SingleTone
Trace_043.csv,-74.3108747,-89.1959887,14.885114,467557999.7,SingleTone
Trace_044.csv,-74.16084663,-89.24711864,15.08627202,467549539.4,SingleTone
Trace_045.csv,-73.92865915,-88.83084746,14.90218831,467566459.9,SingleTone
Trace_046.csv,-74.40788207,-89.15587571,14.74799364,467557999.7,SingleTone
Trace_047.csv,-73.99187271,-88.77768362,14.78581091,467545309.3,SingleTone
Trace_048.csv,-73.79650314,-88.95677966,15.16027652,467562229.8,SingleTone
Trace_049.csv,-74.09727162,-89.09920904,15.00193742,467566459.9,SingleTone
Trace_050.csv,-74.52020384,-89.60983051,15.08962667,467562229.8,SingleTone
Trace_051.csv,-74.3154921,-89.03011299,14.71462089,467570690,SingleTone
Trace_052.csv,-74.27297362,-89.11011299,14.83713937,467570690,SingleTone
Trace_053.csv,-74.5984229,-89.80141243,15.20298953,467549539.4,SingleTone
Trace_054.csv,-74.54938776,-89.41745763,14.86806987,467562229.8,SingleTone
Trace_055.csv,-74.00800499,-89.12276836,15.11476337,467562229.8,SingleTone
Trace_056.csv,-74.42951651,-89.51248588,15.08296937,467549539.4,SingleTone
Trace_057.csv,-74.26349034,-89.32039548,15.05690514,467562229.8,SingleTone
Trace_058.csv,-74.28737898,-89.42169492,15.13431593,467553769.5,SingleTone
Trace_059.csv,-74.14587814,-89.16276836,15.01689023,467553769.5,SingleTone
Trace_060.csv,-73.9661761,-88.75016949,14.78399339,467562229.8,SingleTone
Trace_061.csv,-74.36735962,-89.09785311,14.73049349,467562229.8,SingleTone
Trace_062.csv,-74.68049296,-89.46649718,14.78600422,467557999.7,SingleTone
Trace_063.csv,-74.23902265,-89.01389831,14.77487566,467557999.7,SingleTone
Trace_064.csv,-74.63250585,-89.50129944,14.86879358,467557999.7,SingleTone
Trace_065.csv,-74.33714115,-89.13638418,14.79924303,467557999.7,SingleTone
Trace_066.csv,-75.40970917,-90.55485876,15.14514958,467557999.7,SingleTone
Trace_067.csv,-74.69393868,-89.7279661,15.03402742,467562229.8,SingleTone
Trace_068.csv,-74.07718204,-88.83237288,14.75519084,467566459.9,SingleTone
Trace_069.csv,-74.66750585,-89.52887006,14.8613642,467574920.2,SingleTone
Trace_070.csv,-73.92911836,-88.59988701,14.67076865,467562229.8,SingleTone
Trace_071.csv,-74.14250617,-89.18056497,15.0380588,467562229.8,SingleTone
Trace_072.csv,-75.64310841,-90.69666667,15.05355826,467553769.5,SingleTone
Trace_073.csv,-74.16346988,-88.98785311,14.82438323,467570690,SingleTone
Trace_074.csv,-74.07438356,-88.95045198,14.87606842,467574920.2,SingleTone
Trace_075.csv,-74.27071078,-89.08762712,14.81691633,467541079.2,SingleTone
Trace_076.csv,-74.16021171,-89.11355932,14.95334762,467553769.5,SingleTone
Trace_077.csv,-74.29107914,-89.02474576,14.73366663,467570690,SingleTone
Trace_078.csv,-74.61497658,-89.49502825,14.88005167,467566459.9,SingleTone
Trace_079.csv,-74.43176331,-89.49548023,15.06371691,467562229.8,SingleTone
Trace_080.csv,-74.78028935,-89.90096045,15.1206711,467562229.8,SingleTone
Trace_081.csv,-74.16695652,-89.31039548,15.14343896,467566459.9,SingleTone
Trace_082.csv,-74.24518519,-89.23898305,14.99379787,467574920.2,SingleTone
Trace_083.csv,-74.35861111,-89.42615819,15.06754708,467562229.8,SingleTone
Trace_084.csv,-74.49809302,-89.44220339,14.94411037,467570690,SingleTone
Trace_085.csv,-74.20086085,-89.32237288,15.12151203,467562229.8,SingleTone
Trace_086.csv,-74.39721625,-89.43570621,15.03848997,467549539.4,SingleTone
Trace_087.csv,-74.37318017,-89.0140678,14.64088763,467557999.7,SingleTone
Trace_088.csv,-74.68235294,-89.65836158,14.97600864,467570690,SingleTone
Trace_089.csv,-74.32183649,-89.24435028,14.92251379,467566459.9,SingleTone
Trace_090.csv,-75.35832579,-91.18898305,15.83065726,467557999.7,SingleTone
Trace_091.csv,-74.52315603,-89.31282486,14.78966883,467562229.8,SingleTone
Trace_092.csv,-74.12803659,-89.21254237,15.08450579,467566459.9,SingleTone
Trace_093.csv,-74.52689977,-89.24960452,14.72270475,467557999.7,SingleTone
Trace_094.csv,-74.34945691,-89.26610169,14.91664479,467566459.9,SingleTone
Trace_095.csv,-74.06759509,-88.92282486,14.85522977,467557999.7,SingleTone
Trace_096.csv,-73.13036643,-87.98836158,14.85799515,467545309.3,SingleTone
Trace_097.csv,-73.62455304,-88.62129944,14.9967464,467553769.5,SingleTone
Trace_098.csv,-73.50746512,-88.5039548,14.99648969,467570690,SingleTone
Trace_099.csv,-73.13031288,-88.31231638,15.18200351,467562229.8,SingleTone
Trace_100.csv,-73.15542553,-88.06355932,14.90813379,467570690,SingleTone
Trace_001.csv,-61.26244466,-76.06079096,14.7983463,467557999.7,SingleTone
Trace_002.csv,-71.83371854,-86.99661017,15.16289163,467562229.8,SingleTone
Trace_003.csv,-71.47656322,-86.52858757,15.05202435,467562229.8,SingleTone
Trace_004.csv,-71.56033487,-86.92632768,15.36599281,467562229.8,SingleTone
Trace_005.csv,-71.37075117,-86.80536723,15.43461606,467566459.9,SingleTone
Trace_006.csv,-71.64427241,-86.97474576,15.33047335,467566459.9,SingleTone
Trace_007.csv,-72.96630366,-88.86700565,15.90070198,467553769.5,SingleTone
Trace_008.csv,-72.90626993,-88.98971751,16.08344759,467570690,SingleTone
Trace_009.csv,-71.7896875,-86.90858757,15.11890007,467553769.5,SingleTone
Trace_010.csv,-71.21477752,-86.38734463,15.17256712,467570690,SingleTone
Trace_011.csv,-71.67380571,-86.71338983,15.03958412,467562229.8,SingleTone
Trace_012.csv,-71.65994253,-86.87112994,15.21118741,467549539.4,SingleTone
Trace_013.csv,-72.10431172,-87.16632768,15.06201597,467562229.8,SingleTone
Trace_014.csv,-71.97449095,-87.13706215,15.1625712,467566459.9,SingleTone
Trace_015.csv,-71.8238009,-87.21757062,15.39376972,467583380.4,SingleTone
Trace_016.csv,-74.73596774,-93.79124294,19.0552752,467562229.8,SingleTone
Trace_017.csv,-71.57875,-86.83836158,15.25961158,467570690,SingleTone
Trace_018.csv,-71.82983012,-87.19610169,15.36627157,467541079.2,SingleTone
Trace_019.csv,-71.67011751,-86.89158192,15.22146441,467562229.8,SingleTone
Trace_020.csv,-71.77914027,-87.03056497,15.2514247,467557999.7,SingleTone
Trace_021.csv,-71.1432904,-86.71214689,15.56885649,467541079.2,SingleTone
Trace_022.csv,-71.98399083,-87.49502825,15.51103742,467557999.7,SingleTone
Trace_023.csv,-72.23643599,-87.5940113,15.35757531,467574920.1,SingleTone
Trace_024.csv,-71.73430246,-87.12960452,15.39530206,467591840.6,SingleTone
Trace_025.csv,-72.12784404,-87.43519774,15.3073537,467557999.7,SingleTone
Trace_026.csv,-72.48406109,-87.83039548,15.34633439,467553769.5,SingleTone
Trace_027.csv,-72.48784738,-87.70638418,15.2185368,467549539.4,SingleTone
Trace_028.csv,-72.03807243,-87.20305085,15.16497842,467562229.8,SingleTone
Trace_029.csv,-72.13672832,-87.32858757,15.19185925,467557999.7,SingleTone
Trace_030.csv,-71.81970657,-87.1780791,15.35837252,467557999.7,SingleTone
Trace_031.csv,-72.11576608,-87.44175141,15.32598533,467557999.7,SingleTone
Trace_032.csv,-72.67389201,-87.94655367,15.27266166,467570690,SingleTone
Trace_033.csv,-72.206,-87.41525424,15.20925424,467557999.7,SingleTone
Trace_034.csv,-72.4334633,-87.51954802,15.08608472,467549539.4,SingleTone
Trace_035.csv,-71.78041766,-87.10536723,15.32494957,467557999.7,SingleTone
Trace_036.csv,-71.92149306,-87.29954802,15.37805497,467574920.2,SingleTone
Trace_037.csv,-73.08109783,-88.72949153,15.6483937,467553769.5,SingleTone
Trace_038.csv,-72.36312715,-87.40920904,15.04608189,467566459.9,SingleTone
Trace_039.csv,-72.18862227,-87.4680226,15.27940033,467562229.8,SingleTone
Trace_040.csv,-71.95998819,-87.2599435,15.29995531,467549539.4,SingleTone
Trace_041.csv,-72.66220621,-87.75587571,15.0936695,467562229.8,SingleTone
Trace_042.csv,-72.18258782,-87.33254237,15.14995455,467549539.4,SingleTone
Trace_043.csv,-71.92381688,-87.20045198,15.27663509,467562229.8,SingleTone
Trace_044.csv,-72.58398625,-87.78949153,15.20550527,467553769.5,SingleTone
Trace_045.csv,-72.10939787,-87.16954802,15.06015015,467566459.9,SingleTone
Trace_046.csv,-72.3164,-87.72909605,15.41269605,467566459.9,SingleTone
Trace_047.csv,-72.23373425,-87.25355932,15.01982507,467545309.3,SingleTone
Trace_048.csv,-71.92207991,-86.9259887,15.00390879,467557999.7,SingleTone
Trace_049.csv,-72.27754325,-87.37282486,15.09528161,467557999.7,SingleTone
Trace_050.csv,-72.21118881,-87.32514124,15.11395243,467574920.1,SingleTone
Trace_051.csv,-72.29120829,-87.71056497,15.41935669,467566459.9,SingleTone
Trace_052.csv,-72.18127485,-87.31310734,15.13183249,467570690,SingleTone
Trace_053.csv,-72.22181185,-87.43943503,15.21762318,467562229.8,SingleTone
Trace_054.csv,-72.13650177,-87.17265537,15.0361536,467557999.7,SingleTone
Trace_055.csv,-71.93230492,-87.16723164,15.23492672,467557999.7,SingleTone
Trace_056.csv,-72.15027027,-87.45734463,15.30707436,467570690,SingleTone
Trace_057.csv,-72.33798864,-87.42372881,15.08574018,467566459.9,SingleTone
Trace_058.csv,-72.43972382,-87.54977401,15.11005019,467566459.9,SingleTone
Trace_059.csv,-72.27107143,-87.14700565,14.87593422,467566459.9,SingleTone
Trace_060.csv,-72.60257813,-87.95723164,15.35465351,467545309.3,SingleTone
Trace_061.csv,-72.05887078,-87.59519774,15.53632696,467557999.7,SingleTone
Trace_062.csv,-72.17872538,-87.27118644,15.09246106,467553769.6,SingleTone
Trace_063.csv,-72.30252847,-87.82954802,15.52701955,467553769.5,SingleTone
Trace_064.csv,-72.1852879,-87.51231638,15.32702849,467553769.5,SingleTone
Trace_065.csv,-72.45773973,-87.60028249,15.14254276,467553769.5,SingleTone
Trace_066.csv,-72.47357309,-87.77915254,15.30557946,467562229.8,SingleTone
Trace_067.csv,-72.4788242,-87.68429379,15.20546958,467553769.5,SingleTone
Trace_068.csv,-72.26516686,-87.64740113,15.38223427,467562229.8,SingleTone
Trace_069.csv,-71.3488538,-86.90361582,15.55476202,467570690,SingleTone
Trace_070.csv,-73.04338235,-88.83293785,15.7895555,467566459.9,SingleTone
Trace_071.csv,-72.60220779,-87.82423729,15.2220295,467557999.7,SingleTone
Trace_072.csv,-72.96818286,-88.25146893,15.28328607,467557999.7,SingleTone
Trace_073.csv,-72.61749705,-87.97977401,15.36227696,467557999.7,SingleTone
Trace_074.csv,-72.74937136,-87.72293785,14.97356649,467570690,SingleTone
Trace_075.csv,-72.41275986,-87.51146893,15.09870907,467562229.8,SingleTone
Trace_076.csv,-72.3666476,-87.5720904,15.2054428,467549539.4,SingleTone
Trace_077.csv,-72.69898978,-87.69853107,14.99954129,467557999.7,SingleTone
Trace_078.csv,-72.29872315,-87.71683616,15.41811301,467566459.9,SingleTone
Trace_079.csv,-72.54118192,-87.74011299,15.19893107,467545309.3,SingleTone
Trace_080.csv,-72.56857474,-87.68977401,15.12119927,467557999.6,SingleTone
Trace_081.csv,-72.17016908,-87.35819209,15.18802301,467553769.6,SingleTone
Trace_082.csv,-72.37983815,-87.82954802,15.44970987,467557999.7,SingleTone
Trace_083.csv,-72.46810624,-87.77491525,15.30680902,467553769.5,SingleTone
Trace_084.csv,-72.75641808,-88.21457627,15.45815819,467570690,SingleTone
Trace_085.csv,-72.13538732,-87.61158192,15.4761946,467562229.8,SingleTone
Trace_086.csv,-72.38111111,-87.69141243,15.31030132,467562229.8,SingleTone
Trace_087.csv,-71.93179697,-87.35480226,15.42300529,467562229.8,SingleTone
Trace_088.csv,-72.10444056,-87.24610169,15.14166114,467566459.9,SingleTone
Trace_089.csv,-71.96555556,-87.35666667,15.39111111,467562229.8,SingleTone
Trace_090.csv,-71.90654481,-87.14977401,15.2432292,467566459.9,SingleTone
Trace_091.csv,-72.13892523,-87.34016949,15.20124426,467549539.4,SingleTone
Trace_092.csv,-72.19258255,-87.4659322,15.27334966,467570690,SingleTone
Trace_093.csv,-72.17275261,-87.35779661,15.185044,467549539.4,SingleTone
Trace_094.csv,-72.25909747,-87.45559322,15.19649575,467557999.7,SingleTone
Trace_095.csv,-72.85790487,-88.08587571,15.22797084,467553769.5,SingleTone
Trace_096.csv,-72.07069853,-87.40508475,15.33438622,467557999.7,SingleTone
Trace_097.csv,-73.05788087,-88.46649718,15.4086163,467557999.7,SingleTone
Trace_098.csv,-72.00503529,-87.2799435,15.27490821,467553769.5,SingleTone
Trace_099.csv,-71.82342233,-87.02954802,15.20612569,467541079.2,SingleTone
Trace_100.csv,-71.54110036,-86.8999435,15.35884314,467570690,SingleTone
Trace_001.csv,-58.82412525,-73.81983051,14.99570526,467557999.7,SingleTone
Trace_002.csv,-69.76395957,-85.09892655,15.33496698,467557999.7,SingleTone
Trace_003.csv,-70.14364055,-85.42016949,15.27652894,467562229.8,SingleTone
Trace_004.csv,-69.79643282,-84.87372881,15.077296,467566459.9,SingleTone
Trace_005.csv,-69.80399061,-85.3780791,15.57408849,467562229.8,SingleTone
Trace_006.csv,-69.78764775,-85.3140678,15.52642004,467570690,SingleTone
Trace_007.csv,-69.90435838,-85.39118644,15.48682806,467562229.8,SingleTone
Trace_008.csv,-69.68667056,-85.35050847,15.66383791,467579150.3,SingleTone
Trace_009.csv,-69.86323529,-85.52265537,15.65942007,467553769.5,SingleTone
Trace_010.csv,-70.05019767,-85.42666667,15.37646899,467557999.7,SingleTone
Trace_011.csv,-69.93425059,-85.45220339,15.5179528,467532619,SingleTone
Trace_012.csv,-69.84942197,-85.37937853,15.52995657,467562229.8,SingleTone
Trace_013.csv,-70.17573046,-85.54497175,15.36924129,467557999.7,SingleTone
Trace_014.csv,-69.78349001,-85.25768362,15.4741936,467549539.4,SingleTone
Trace_015.csv,-70.08985057,-85.30288136,15.21303078,467562229.8,SingleTone
Trace_016.csv,-70.00844988,-85.44084746,15.43239757,467553769.5,SingleTone
Trace_017.csv,-69.66020047,-85.11757062,15.45737015,467536849,SingleTone
Trace_018.csv,-70.58882016,-86.02480226,15.4359821,467570690,SingleTone
Trace_019.csv,-70.2705257,-86.01892655,15.74840085,467562229.8,SingleTone
Trace_020.csv,-70.26746864,-85.69214689,15.42467825,467557999.7,SingleTone
Trace_021.csv,-70.28817975,-85.64361582,15.35543607,467570690,SingleTone
Trace_022.csv,-70.2333528,-85.48542373,15.25207093,467557999.7,SingleTone
Trace_023.csv,-69.81604545,-85.06824859,15.25220313,467553769.5,SingleTone
Trace_024.csv,-70.03175399,-85.33045198,15.29869799,467562229.8,SingleTone
Trace_025.csv,-70.02267494,-85.48248588,15.45981093,467553769.5,SingleTone
Trace_026.csv,-70.30460586,-85.9680226,15.66341674,467541079.2,SingleTone
Trace_027.csv,-70.24117713,-85.71655367,15.47537654,467557999.7,SingleTone
Trace_028.csv,-69.87788863,-85.22299435,15.34510572,467566459.9,SingleTone
Trace_029.csv,-69.9181377,-85.19412429,15.2759866,467583380.4,SingleTone
Trace_030.csv,-70.02460929,-85.30576271,15.28115343,467562229.8,SingleTone
Trace_031.csv,-69.90736175,-85.31367232,15.40631057,467557999.7,SingleTone
Trace_032.csv,-70.08083238,-85.41903955,15.33820716,467557999.6,SingleTone
Trace_033.csv,-69.69230681,-85.29316384,15.60085704,467557999.7,SingleTone
Trace_034.csv,-70.24208473,-85.64457627,15.40249154,467574920.1,SingleTone
Trace_035.csv,-70.25114773,-85.60943503,15.3582873,467549539.4,SingleTone
Trace_036.csv,-70.27824263,-85.80711864,15.52887601,467574920.2,SingleTone
Trace_037.csv,-70.03376914,-85.57971751,15.54594837,467557999.7,SingleTone
Trace_038.csv,-70.51277714,-85.79112994,15.2783528,467557999.6,SingleTone
Trace_039.csv,-70.16846066,-85.7400565,15.57159584,467553769.5,SingleTone
Trace_040.csv,-70.77576577,-86.05338983,15.27762406,467557999.7,SingleTone
Trace_041.csv,-70.06394495,-85.91508475,15.85113979,467553769.5,SingleTone
Trace_042.csv,-70.66127494,-85.9419209,15.28064596,467557999.7,SingleTone
Trace_043.csv,-70.36685039,-86.19564972,15.82879932,467562229.8,SingleTone
Trace_044.csv,-70.34215664,-85.84717514,15.5050185,467570690,SingleTone
Trace_045.csv,-70.27830717,-85.98468927,15.70638209,467562229.8,SingleTone
Trace_046.csv,-70.21018561,-85.61519774,15.40501213,467557999.7,SingleTone
Trace_047.csv,-70.15681208,-85.7480226,15.59121052,467557999.6,SingleTone
Trace_048.csv,-70.08141876,-85.76429379,15.68287502,467553769.5,SingleTone
Trace_049.csv,-70.73735746,-86.13977401,15.40241656,467553769.5,SingleTone
Trace_050.csv,-70.79506623,-86.1679096,15.37284338,467566459.9,SingleTone
Trace_051.csv,-70.35553452,-86.05033898,15.69480446,467557999.7,SingleTone
Trace_052.csv,-70.34576233,-86.08649718,15.74073484,467557999.7,SingleTone
Trace_053.csv,-70.29876804,-85.85485876,15.55609072,467545309.3,SingleTone
Trace_054.csv,-70.24903587,-85.66101695,15.41198107,467553769.5,SingleTone
Trace_055.csv,-70.05946469,-85.66932203,15.60985734,467553769.5,SingleTone
Trace_056.csv,-69.86761021,-85.40163842,15.53402821,467549539.4,SingleTone
Trace_057.csv,-69.32132319,-84.99158192,15.67025874,467570690,SingleTone
Trace_058.csv,-70.41033259,-85.8080226,15.39769,467566459.9,SingleTone
Trace_059.csv,-69.98874157,-85.31107345,15.32233187,467562229.8,SingleTone
Trace_060.csv,-69.80127934,-85.27836158,15.47708224,467566459.9,SingleTone
Trace_061.csv,-69.94324661,-85.33050847,15.38726187,467579150.3,SingleTone
Trace_062.csv,-69.74164179,-85.19146893,15.44982714,467553769.5,SingleTone
Trace_063.csv,-70.08297511,-85.21338983,15.13041472,467557999.7,SingleTone
Trace_064.csv,-69.91512615,-85.33892655,15.42380041,467566459.9,SingleTone
Trace_065.csv,-69.74069977,-85.38949153,15.64879175,467553769.5,SingleTone
Trace_066.csv,-69.7306713,-85.12237288,15.39170159,467549539.4,SingleTone
Trace_067.csv,-69.83552036,-85.38389831,15.54837794,467566459.9,SingleTone
Trace_068.csv,-69.90860674,-85.19372881,15.28512207,467570690,SingleTone
Trace_069.csv,-69.24723653,-85.00706215,15.75982561,467545309.3,SingleTone
Trace_070.csv,-69.72479558,-85.36033898,15.6355434,467562229.8,SingleTone
Trace_071.csv,-69.95566742,-85.32028249,15.36461507,467566459.9,SingleTone
Trace_072.csv,-70.21190055,-85.98045198,15.76855142,467557999.7,SingleTone
Trace_073.csv,-69.41294887,-84.86920904,15.45626017,467566459.9,SingleTone
Trace_074.csv,-70.05859609,-85.55745763,15.49886154,467574920.2,SingleTone
Trace_075.csv,-69.9256351,-85.4300565,15.50442139,467557999.7,SingleTone
Trace_076.csv,-69.80630536,-85.41971751,15.61341215,467536849.1,SingleTone
Trace_077.csv,-70.09020525,-85.59468927,15.50448402,467557999.7,SingleTone
Trace_078.csv,-69.83413349,-85.21548023,15.38134674,467553769.5,SingleTone
Trace_079.csv,-70.00787879,-85.47785311,15.46997432,467566459.9,SingleTone
Trace_080.csv,-69.75352403,-85.42062147,15.66709744,467570690,SingleTone
Trace_081.csv,-69.99959322,-85.53830508,15.53871186,467553769.5,SingleTone
Trace_082.csv,-69.92432681,-85.52932203,15.60499522,467562229.8,SingleTone
Trace_083.csv,-69.65874109,-85.14259887,15.48385778,467557999.7,SingleTone
Trace_084.csv,-70.1195178,-85.69101695,15.57149915,467566459.9,SingleTone
Trace_085.csv,-69.71329384,-85.19570621,15.48241238,467574920.1,SingleTone
Trace_086.csv,-70.05142529,-85.55542373,15.50399844,467553769.5,SingleTone
Trace_087.csv,-69.94936854,-85.24231638,15.29294784,467562229.8,SingleTone
Trace_088.csv,-70.35119159,-85.4720904,15.12089881,467553769.5,SingleTone
Trace_089.csv,-70.1411655,-85.65067797,15.50951246,467570690,SingleTone
Trace_090.csv,-70.07888498,-85.48508475,15.40619977,467553769.5,SingleTone
Trace_091.csv,-70.21358885,-85.58327684,15.36968799,467566459.9,SingleTone
Trace_092.csv,-69.94381346,-85.29548023,15.35166677,467562229.8,SingleTone
Trace_093.csv,-69.9078929,-85.65627119,15.74837829,467562229.8,SingleTone
Trace_094.csv,-69.98688159,-85.59316384,15.60628225,467553769.5,SingleTone
Trace_095.csv,-70.18532423,-85.63237288,15.44704865,467549539.4,SingleTone
Trace_096.csv,-70.45926092,-85.90536723,15.44610631,467557999.7,SingleTone
Trace_097.csv,-70.31402273,-85.74056497,15.42654224,467562229.8,SingleTone
Trace_098.csv,-70.10313501,-85.71977401,15.616639,467562229.8,SingleTone
Trace_099.csv,-70.3631058,-85.83254237,15.46943657,467566459.9,SingleTone
Trace_100.csv,-70.24520548,-85.46355932,15.21835384,467570690,SingleTone
Trace_001.csv,-55.26198473,-67.31717514,12.05519041,467562229.8,SingleTone
Trace_002.csv,-66.08227734,-81.73011299,15.64783566,467549539.4,SingleTone
Trace_003.csv,-65.8127745,-81.34677966,15.53400516,467562229.8,SingleTone
Trace_004.csv,-66.05256617,-81.78050847,15.72794231,467557999.7,SingleTone
Trace_005.csv,-66.80040495,-82.58384181,15.78343686,467557999.7,SingleTone
Trace_006.csv,-66.89791805,-82.57214689,15.67422884,467570690,SingleTone
Trace_007.csv,-67.38615128,-83.07237288,15.6862216,467549539.4,SingleTone
Trace_008.csv,-66.01980482,-81.51632768,15.49652286,467557999.7,SingleTone
Trace_009.csv,-66.29367161,-81.92960452,15.63593291,467566459.9,SingleTone
Trace_010.csv,-66.22963554,-81.70096045,15.47132492,467570690,SingleTone
Trace_011.csv,-66.11422093,-81.72983051,15.61560958,467557999.7,SingleTone
Trace_012.csv,-66.71086667,-82.46146893,15.75060226,467562229.8,SingleTone
Trace_013.csv,-66.02065268,-81.58564972,15.56499704,467557999.7,SingleTone
Trace_014.csv,-66.13852154,-81.80146893,15.66294739,467557999.7,SingleTone
Trace_015.csv,-66.18807604,-81.77485876,15.58678272,467557999.7,SingleTone
Trace_016.csv,-66.3437798,-81.89016949,15.5463897,467557999.7,SingleTone
Trace_017.csv,-66.22228273,-81.79677966,15.57449693,467557999.7,SingleTone
Trace_018.csv,-66.12272196,-81.58163842,15.45891646,467553769.5,SingleTone
Trace_019.csv,-66.64,-81.89293785,15.25293785,467562229.8,SingleTone
Trace_020.csv,-65.95841855,-81.49316384,15.53474529,467557999.7,SingleTone
Trace_021.csv,-65.76454435,-81.25553672,15.49099237,467553769.5,SingleTone
Trace_022.csv,-66.50407449,-82.13124294,15.62716845,467562229.8,SingleTone
Trace_023.csv,-66.18873998,-81.84090395,15.65216398,467557999.7,SingleTone
Trace_024.csv,-66.17143357,-81.71276836,15.5413348,467570690,SingleTone
Trace_025.csv,-66.18743945,-81.56101695,15.3735775,467557999.7,SingleTone
Trace_026.csv,-66.29468822,-81.81830508,15.52361686,467553769.5,SingleTone
Trace_027.csv,-66.39181401,-81.68350282,15.29168882,467562229.8,SingleTone
Trace_028.csv,-66.18096019,-81.55237288,15.37141269,467541079.2,SingleTone
Trace_029.csv,-66.48535147,-82.06225989,15.57690841,467562229.8,SingleTone
Trace_030.csv,-66.38234234,-81.91446328,15.53212093,467532618.9,SingleTone
Trace_031.csv,-66.57865106,-82.20615819,15.62750713,467557999.7,SingleTone
Trace_032.csv,-66.32310887,-81.87502825,15.55191938,467557999.7,SingleTone
Trace_033.csv,-66.28235698,-81.61887006,15.33651308,467557999.7,SingleTone
Trace_034.csv,-65.94821387,-81.44107345,15.49285958,467549539.4,SingleTone
Trace_035.csv,-65.95408187,-81.48135593,15.52727406,467562229.8,SingleTone
Trace_036.csv,-66.19625581,-81.79491525,15.59865944,467562229.8,SingleTone
Trace_037.csv,-66.32822506,-81.71090395,15.3826789,467562229.8,SingleTone
Trace_038.csv,-66.36662844,-81.90666667,15.54003823,467553769.5,SingleTone
Trace_039.csv,-66.23909513,-81.81180791,15.57271278,467566459.9,SingleTone
Trace_040.csv,-66.23762731,-81.76734463,15.52971732,467557999.7,SingleTone
Trace_041.csv,-66.1180141,-81.58926554,15.47125144,467562229.8,SingleTone
Trace_042.csv,-66.37578947,-81.78175141,15.40596194,467562229.8,SingleTone
Trace_043.csv,-66.21429066,-81.62672316,15.41243251,467553769.5,SingleTone
Trace_044.csv,-66.22977855,-81.66983051,15.44005195,467562229.8,SingleTone
Trace_045.csv,-65.71236559,-81.33836158,15.62599599,467557999.7,SingleTone
Trace_046.csv,-65.92913652,-81.50644068,15.57730416,467557999.7,SingleTone
Trace_047.csv,-65.71729598,-81.23011299,15.51281701,467566459.9,SingleTone
Trace_048.csv,-66.20364486,-81.56451977,15.36087491,467566459.9,SingleTone
Trace_049.csv,-66.44041237,-81.90463277,15.4642204,467557999.7,SingleTone
Trace_050.csv,-67.19040276,-82.72389831,15.53349554,467566459.9,SingleTone
Trace_051.csv,-67.65758969,-83.2599435,15.60235382,467562229.8,SingleTone
Trace_052.csv,-67.63238365,-83.35915254,15.72676889,467549539.4,SingleTone
Trace_053.csv,-67.79333709,-83.50129944,15.70796234,467566459.9,SingleTone
Trace_054.csv,-67.81913525,-83.58248588,15.76335062,467566459.9,SingleTone
Trace_055.csv,-68.3212945,-84.04774011,15.72644561,467557999.7,SingleTone
Trace_056.csv,-67.69261416,-83.38740113,15.69478697,467562229.8,SingleTone
Trace_057.csv,-67.95237989,-83.56841808,15.61603819,467536849,SingleTone
Trace_058.csv,-67.82253664,-83.36909605,15.5465594,467562229.8,SingleTone
Trace_059.csv,-68.12566921,-83.82446328,15.69879407,467549539.4,SingleTone
Trace_060.csv,-67.99528899,-83.58960452,15.59431553,467553769.5,SingleTone
Trace_061.csv,-67.72418736,-83.51502825,15.79084089,467557999.7,SingleTone
Trace_062.csv,-67.77334471,-83.37836158,15.60501687,467553769.5,SingleTone
Trace_063.csv,-67.93927152,-83.51830508,15.57903356,467562229.8,SingleTone
Trace_064.csv,-67.72350389,-83.61118644,15.88768255,467574920.1,SingleTone
Trace_065.csv,-67.6837,-83.39169492,15.70799492,467557999.7,SingleTone
Trace_066.csv,-68.04389321,-83.71813559,15.67424238,467566459.9,SingleTone
Trace_067.csv,-67.95547511,-83.52881356,15.57333845,467549539.4,SingleTone
Trace_068.csv,-67.90536394,-83.43830508,15.53294114,467566459.9,SingleTone
Trace_069.csv,-67.62738202,-83.41564972,15.7882677,467549539.4,SingleTone
Trace_070.csv,-67.609875,-83.55632768,15.94645268,467566459.9,SingleTone
Trace_071.csv,-67.6394725,-83.70485876,16.06538625,467553769.5,SingleTone
Trace_072.csv,-67.72591373,-83.53858757,15.81267384,467562229.8,SingleTone
Trace_073.csv,-67.75372748,-83.44310734,15.68937987,467553769.5,SingleTone
Trace_074.csv,-67.56628249,-83.19146893,15.62518644,467541079.2,SingleTone
Trace_075.csv,-66.0198021,-81.59288136,15.57307926,467566459.9,SingleTone
Trace_076.csv,-65.0262037,-80.77485876,15.74865505,467566459.9,SingleTone
Trace_077.csv,-66.88819672,-82.44960452,15.5614078,467562229.8,SingleTone
Trace_078.csv,-67.52957014,-83.27655367,15.74698354,467545309.3,SingleTone
Trace_079.csv,-67.2713009,-83.09559322,15.82429232,467549539.4,SingleTone
Trace_080.csv,-67.69094818,-83.17785311,15.48690493,467566459.9,SingleTone
Trace_081.csv,-67.19472789,-82.69666667,15.50193878,467562229.8,SingleTone
Trace_082.csv,-67.1297076,-82.41666667,15.28695906,467545309.3,SingleTone
Trace_083.csv,-67.13001139,-82.52305085,15.39303946,467557999.7,SingleTone
Trace_084.csv,-67.21013559,-82.93186441,15.72172881,467562229.8,SingleTone
Trace_085.csv,-67.07408516,-82.56265537,15.48857021,467562229.8,SingleTone
Trace_086.csv,-66.82325175,-82.63610169,15.81284995,467545309.3,SingleTone
Trace_087.csv,-67.22051606,-82.85536723,15.63485118,467549539.4,SingleTone
Trace_088.csv,-67.13202982,-82.62502825,15.49299843,467562229.8,SingleTone
Trace_089.csv,-67.09317386,-82.59367232,15.50049845,467562229.8,SingleTone
Trace_090.csv,-67.09644242,-82.69271186,15.59626945,467553769.5,SingleTone
Trace_091.csv,-67.00643429,-82.67553672,15.66910244,467557999.7,SingleTone
Trace_092.csv,-67.19438576,-82.55067797,15.3562922,467553769.5,SingleTone
Trace_093.csv,-66.89747674,-82.74423729,15.84676054,467562229.8,SingleTone
Trace_094.csv,-67.10315789,-82.93056497,15.82740708,467566459.9,SingleTone
Trace_095.csv,-67.13428243,-82.6819209,15.54763847,467566459.9,SingleTone
Trace_096.csv,-66.93483759,-82.6739548,15.73911722,467545309.3,SingleTone
Trace_097.csv,-67.15606897,-82.72514124,15.56907228,467553769.5,SingleTone
Trace_098.csv,-67.38918828,-83.04870056,15.65951229,467553769.5,SingleTone
Trace_099.csv,-67.04208238,-82.63463277,15.59255039,467566459.9,SingleTone
Trace_100.csv,-67.15366359,-83.0259322,15.87226861,467549539.4,SingleTone
Trace_001.csv,-52.97179635,-64.56028249,11.58848614,467562229.8,SingleTone
Trace_002.csv,-63.69081776,-79.16734463,15.47652688,467566459.9,SingleTone
Trace_003.csv,-63.59935446,-79.22937853,15.63002407,467549539.4,SingleTone
Trace_004.csv,-63.68538991,-79.20248588,15.51709597,467562229.8,SingleTone
Trace_005.csv,-63.68104651,-79.18101695,15.49997044,467566459.9,SingleTone
Trace_006.csv,-63.64093602,-79.24,15.59906398,467549539.4,SingleTone
Trace_007.csv,-63.48749406,-79.1019774,15.61448334,467553769.5,SingleTone
Trace_008.csv,-63.60974057,-79.07118644,15.46144587,467549539.4,SingleTone
Trace_009.csv,-63.90409722,-79.39632768,15.49223046,467562229.8,SingleTone
Trace_010.csv,-64.93670201,-80.98259887,16.04589686,467562229.8,SingleTone
Trace_011.csv,-63.70452244,-79.42564972,15.72112728,467557999.7,SingleTone
Trace_012.csv,-63.54789536,-79.12785311,15.57995774,467541079.2,SingleTone
Trace_013.csv,-63.82428074,-79.42468927,15.60040852,467562229.8,SingleTone
Trace_014.csv,-63.41977804,-78.90774011,15.48796208,467549539.4,SingleTone
Trace_015.csv,-63.6245848,-79.18282486,15.55824006,467553769.5,SingleTone
Trace_016.csv,-63.5191345,-78.92062147,15.40148697,467570690,SingleTone
Trace_017.csv,-63.60715629,-79.04740113,15.44024484,467562229.8,SingleTone
Trace_018.csv,-63.52628505,-79.11576271,15.58947767,467557999.7,SingleTone
Trace_019.csv,-63.67653179,-79.19045198,15.51392019,467557999.7,SingleTone
Trace_020.csv,-63.62899767,-79.09322034,15.46422267,467549539.4,SingleTone
Trace_021.csv,-63.78889145,-79.19276836,15.40387691,467549539.4,SingleTone
Trace_022.csv,-63.92928994,-79.55909605,15.6298061,467557999.7,SingleTone
Trace_023.csv,-64.13260069,-79.46559322,15.33299253,467562229.8,SingleTone
Trace_024.csv,-63.49207434,-79.12627119,15.63419685,467553769.5,SingleTone
Trace_025.csv,-63.53909416,-79.29689266,15.7577985,467562229.8,SingleTone
Trace_026.csv,-63.78991879,-79.28474576,15.49482697,467549539.4,SingleTone
Trace_027.csv,-63.57405093,-79.3139548,15.73990388,467553769.5,SingleTone
Trace_028.csv,-63.42436536,-79.02090395,15.59653859,467557999.7,SingleTone
Trace_029.csv,-63.46227437,-79.16694915,15.70467478,467562229.8,SingleTone
Trace_030.csv,-63.76870023,-79.26954802,15.50084779,467562229.8,SingleTone
Trace_031.csv,-63.80632009,-79.37740113,15.57108104,467553769.5,SingleTone
Trace_032.csv,-64.44443826,-79.71830508,15.27386682,467553769.5,SingleTone
Trace_033.csv,-63.88970012,-79.35242938,15.46272926,467570690,SingleTone
Trace_034.csv,-63.76247685,-79.22310734,15.46063049,467557999.6,SingleTone
Trace_035.csv,-63.78857981,-79.37711864,15.58853883,467553769.5,SingleTone
Trace_036.csv,-63.64910798,-79.08706215,15.43795417,467557999.7,SingleTone
Trace_037.csv,-63.9777278,-79.47242938,15.49470158,467557999.7,SingleTone
Trace_038.csv,-64.00189888,-79.71463277,15.71273389,467566459.9,SingleTone
Trace_039.csv,-63.19141463,-78.82514124,15.63372661,467557999.7,SingleTone
Trace_040.csv,-63.43537471,-79.13175141,15.69637671,467553769.5,SingleTone
Trace_041.csv,-63.83760186,-79.43378531,15.59618345,467553769.5,SingleTone
Trace_042.csv,-63.94652223,-79.59988701,15.65336477,467553769.5,SingleTone
Trace_043.csv,-63.6180254,-79.29711864,15.67909324,467553769.5,SingleTone
Trace_044.csv,-63.61428738,-79.07237288,15.4580855,467557999.7,SingleTone
Trace_045.csv,-63.78539813,-79.34129944,15.55590131,467557999.7,SingleTone
Trace_046.csv,-63.53672189,-79.09480226,15.55808037,467545309.3,SingleTone
Trace_047.csv,-63.89449886,-79.69926554,15.80476668,467553769.5,SingleTone
Trace_048.csv,-63.26956368,-78.82706215,15.55749847,467557999.7,SingleTone
Trace_049.csv,-63.83443142,-79.33056497,15.49613355,467562229.8,SingleTone
Trace_050.csv,-63.76224513,-79.10632768,15.34408255,467566459.9,SingleTone
Trace_051.csv,-63.28660735,-78.82355932,15.53695197,467562229.8,SingleTone
Trace_052.csv,-63.58786543,-79.08824859,15.50038316,467562229.8,SingleTone
Trace_053.csv,-63.30940828,-78.67186441,15.36245612,467553769.5,SingleTone
Trace_054.csv,-63.48621053,-79.07079096,15.58458043,467574920.1,SingleTone
Trace_055.csv,-63.59415796,-79.02700565,15.43284769,467536849.1,SingleTone
Trace_056.csv,-63.43016222,-79.01468927,15.58452704,467549539.4,SingleTone
Trace_057.csv,-63.51079585,-79.20655367,15.69575782,467557999.7,SingleTone
Trace_058.csv,-63.08444976,-78.73519774,15.65074798,467557999.7,SingleTone
Trace_059.csv,-63.67364989,-79.16920904,15.49555915,467553769.5,SingleTone
Trace_060.csv,-63.7315771,-79.18581921,15.45424211,467549539.4,SingleTone
Trace_061.csv,-63.20098824,-78.9019774,15.70098917,467553769.5,SingleTone
Trace_062.csv,-63.48563892,-78.92966102,15.4440221,467553769.5,SingleTone
Trace_063.csv,-63.3965811,-78.8820339,15.4854528,467557999.7,SingleTone
Trace_064.csv,-63.33832941,-78.91548023,15.57715081,467553769.5,SingleTone
Trace_065.csv,-63.55255441,-78.99429379,15.44173938,467557999.7,SingleTone
Trace_066.csv,-63.61894131,-79.14649718,15.52755586,467557999.7,SingleTone
Trace_067.csv,-63.15083532,-78.81661017,15.66577485,467553769.5,SingleTone
Trace_068.csv,-63.57474596,-79.07734463,15.50259867,467570690,SingleTone
Trace_069.csv,-63.71374289,-79.17237288,15.45862999,467562229.8,SingleTone
Trace_070.csv,-63.64435142,-79.15627119,15.51191977,467557999.7,SingleTone
Trace_071.csv,-64.07945915,-79.41655367,15.33709452,467570690,SingleTone
Trace_072.csv,-64.33035267,-79.90338983,15.57303716,467562229.8,SingleTone
Trace_073.csv,-64.15042874,-79.46768362,15.31725488,467557999.7,SingleTone
Trace_074.csv,-64.01922543,-79.6179096,15.59868417,467549539.4,SingleTone
Trace_075.csv,-64.23483146,-79.97570621,15.74087475,467562229.8,SingleTone
Trace_076.csv,-64.3115917,-79.88265537,15.57106367,467557999.7,SingleTone
Trace_077.csv,-64.26887006,-79.94056497,15.67169492,467545309.3,SingleTone
Trace_078.csv,-64.18383991,-79.72926554,15.54542563,467566459.9,SingleTone
Trace_079.csv,-64.13102506,-79.5320904,15.40106534,467562229.8,SingleTone
Trace_080.csv,-64.06472093,-79.49152542,15.42680449,467553769.5,SingleTone
Trace_081.csv,-63.71007067,-79.46242938,15.75235871,467566459.9,SingleTone
Trace_082.csv,-64.39371591,-79.84943503,15.45571912,467557999.7,SingleTone
Trace_083.csv,-64.15379032,-79.80943503,15.65564471,467566459.9,SingleTone
Trace_084.csv,-64.01105937,-79.55785311,15.54679374,467566459.9,SingleTone
Trace_085.csv,-64.07302784,-79.62271186,15.54968402,467557999.7,SingleTone
Trace_086.csv,-63.6598093,-79.23988701,15.58007771,467557999.7,SingleTone
Trace_087.csv,-63.79245552,-79.28785311,15.49539759,467557999.7,SingleTone
Trace_088.csv,-64.06733639,-79.5819774,15.51464101,467553769.5,SingleTone
Trace_089.csv,-63.95348485,-79.73559322,15.78210837,467566459.9,SingleTone
Trace_090.csv,-64.56770905,-79.89231638,15.32460733,467574920.2,SingleTone
Trace_091.csv,-64.33044571,-79.94694915,15.61650344,467562229.8,SingleTone
Trace_092.csv,-64.22505143,-80.02740113,15.8023497,467570690,SingleTone
Trace_093.csv,-64.04940639,-79.68785311,15.63844671,467562229.8,SingleTone
Trace_094.csv,-63.83828437,-79.64960452,15.81132015,467545309.3,SingleTone
Trace_095.csv,-64.18198157,-79.93011299,15.74813143,467562229.8,SingleTone
Trace_096.csv,-63.83700357,-79.43175141,15.59474785,467557999.7,SingleTone
Trace_097.csv,-63.7193911,-79.4800565,15.7606654,467553769.5,SingleTone
Trace_098.csv,-63.84634548,-79.40305085,15.55670537,467566459.9,SingleTone
Trace_099.csv,-64.37102857,-79.72265537,15.3516268,467557999.7,SingleTone
Trace_100.csv,-66.04118762,-82.94881356,16.90762593,467562229.8,SingleTone
Trace_001.csv,-76.41494226,-88.63457627,12.21963401,467562229.8,Sweep
Trace_002.csv,-83.69886202,-95.03531073,11.33644871,467557999.7,Sweep
Trace_003.csv,-83.6126215,-94.88135593,11.26873443,467566459.9,Sweep
Trace_004.csv,-83.45225954,-94.97288136,11.52062181,467557999.7,Sweep
Trace_005.csv,-83.3020625,-94.6719209,11.3698584,467570690,Sweep
Trace_006.csv,-83.36351396,-94.81333333,11.44981938,467553769.5,Sweep
Trace_007.csv,-83.31791878,-95.01497175,11.69705297,467562229.8,Sweep
Trace_008.csv,-83.77793846,-94.98841808,11.21047962,467557999.7,Sweep
Trace_009.csv,-83.32788462,-94.89813559,11.57025098,467562229.8,Sweep
Trace_010.csv,-83.65970219,-95.08231638,11.42261419,467553769.5,Sweep
Trace_011.csv,-83.69882448,-95.19700565,11.49818117,467557999.7,Sweep
Trace_012.csv,-83.93725,-95.1559322,11.2186822,467570690,Sweep
Trace_013.csv,-83.25108943,-94.73146893,11.4803795,467562229.8,Sweep
Trace_014.csv,-83.10730449,-94.76757062,11.66026613,467557999.7,Sweep
Trace_015.csv,-83.53855519,-94.96508475,11.42652955,467562229.8,Sweep
Trace_016.csv,-83.67978691,-95.07960452,11.39981761,467553769.5,Sweep
Trace_017.csv,-83.67959337,-95.08248588,11.4028925,467562229.8,Sweep
Trace_018.csv,-83.24623932,-94.75858757,11.51234825,467562229.8,Sweep
Trace_019.csv,-83.81225185,-95.23887006,11.4266182,467574920.1,Sweep
Trace_020.csv,-83.27196839,-95.08372881,11.81176042,467566459.9,Sweep
Trace_021.csv,-83.23121795,-94.91090395,11.67968601,467557999.7,Sweep
Trace_022.csv,-83.25036641,-95.06412429,11.81375788,467553769.5,Sweep
Trace_023.csv,-83.26886677,-94.75435028,11.48548351,467557999.7,Sweep
Trace_024.csv,-83.15995276,-94.6719209,11.51196815,467557999.7,Sweep
Trace_025.csv,-83.50930269,-94.86333333,11.35403064,467566459.9,Sweep
Trace_026.csv,-83.40675806,-94.87327684,11.46651877,467566459.9,Sweep
Trace_027.csv,-83.33136,-94.94056497,11.60920497,467566459.9,Sweep
Trace_028.csv,-83.09747634,-94.68265537,11.58517903,467562229.8,Sweep
Trace_029.csv,-83.05302738,-94.7140678,11.66104042,467562229.8,Sweep
Trace_030.csv,-83.46473035,-94.82175141,11.35702106,467557999.7,Sweep
Trace_031.csv,-82.93375817,-94.65276836,11.71901019,467562229.8,Sweep
Trace_032.csv,-83.09587057,-94.71463277,11.6187622,467562229.8,Sweep
Trace_033.csv,-83.16610197,-94.79672316,11.63062119,467566459.9,Sweep
Trace_034.csv,-83.40121123,-94.8459322,11.44472098,467570690,Sweep
Trace_035.csv,-83.15150662,-94.75225989,11.60075326,467562229.8,Sweep
Trace_036.csv,-83.44070064,-94.9900565,11.54935586,467557999.7,Sweep
Trace_037.csv,-83.27657407,-94.55926554,11.28269146,467557999.7,Sweep
Trace_038.csv,-82.99675815,-94.56293785,11.56617971,467566459.9,Sweep
Trace_039.csv,-83.09880184,-94.39271186,11.29391002,467557999.7,Sweep
Trace_040.csv,-83.1718626,-94.79372881,11.62186622,467557999.7,Sweep
Trace_041.csv,-83.70944611,-94.97457627,11.26513016,467566459.9,Sweep
Trace_042.csv,-83.20661184,-94.70180791,11.49519607,467553769.5,Sweep
Trace_043.csv,-83.28773148,-94.79446328,11.5067318,467553769.5,Sweep
Trace_044.csv,-83.35433715,-95.05288136,11.6985442,467566459.9,Sweep
Trace_045.csv,-83.12212318,-94.71474576,11.59262259,467566459.9,Sweep
Trace_046.csv,-83.79105581,-94.95694915,11.16589335,467562229.8,Sweep
Trace_047.csv,-83.44120444,-95.0560452,11.61484076,467557999.7,Sweep
Trace_048.csv,-83.09272441,-94.73056497,11.63784056,467562229.8,Sweep
Trace_049.csv,-83.86526929,-95.14124294,11.27597365,467566459.9,Sweep
Trace_050.csv,-83.26457278,-94.86785311,11.60328032,467562229.8,Sweep
Trace_051.csv,-83.277104,-94.81683616,11.53973216,467562229.8,Sweep
Trace_052.csv,-82.8370202,-94.76570621,11.92868601,467557999.6,Sweep
Trace_053.csv,-83.37361199,-94.75689266,11.38328067,467562229.8,Sweep
Trace_054.csv,-82.96686614,-94.86508475,11.8982186,467557999.7,Sweep
Trace_055.csv,-83.53481848,-94.78124294,11.24642446,467562229.8,Sweep
Trace_056.csv,-83.28113419,-94.83570621,11.55457203,467562229.8,Sweep
Trace_057.csv,-83.26816456,-94.88418079,11.61601623,467566459.9,Sweep
Trace_058.csv,-83.60658805,-94.94830508,11.34171703,467553769.5,Sweep
Trace_059.csv,-83.41878489,-94.6979096,11.27912471,467562229.8,Sweep
Trace_060.csv,-83.33151007,-94.91169492,11.58018485,467562229.8,Sweep
Trace_061.csv,-83.59404088,-94.98610169,11.39206081,467566459.9,Sweep
Trace_062.csv,-83.38766143,-94.77898305,11.39132162,467566459.9,Sweep
Trace_063.csv,-83.514,-95.01022599,11.49622599,467570690,Sweep
Trace_064.csv,-83.67515152,-95.16898305,11.49383154,467557999.7,Sweep
Trace_065.csv,-83.63235897,-95.02474576,11.39238679,467557999.7,Sweep
Trace_066.csv,-83.66805792,-95.06531073,11.39725281,467557999.7,Sweep
Trace_067.csv,-83.34081037,-95.00615819,11.66534782,467557999.7,Sweep
Trace_068.csv,-83.32601246,-94.96508475,11.63907228,467557999.7,Sweep
Trace_069.csv,-83.11881667,-94.92830508,11.80948842,467553769.5,Sweep
Trace_070.csv,-82.89735915,-94.74887006,11.8515109,467562229.8,Sweep
Trace_071.csv,-83.55009724,-94.87333333,11.32323609,467562229.8,Sweep
Trace_072.csv,-84.11068293,-95.3339548,11.22327188,467562229.8,Sweep
Trace_073.csv,-83.63045677,-94.96587571,11.33541894,467557999.7,Sweep
Trace_074.csv,-84.33717523,-95.43898305,11.10180782,467562229.8,Sweep
Trace_075.csv,-83.8171518,-95.15079096,11.33363916,467574920.1,Sweep
Trace_076.csv,-83.85333333,-95.19112994,11.33779661,467557999.7,Sweep
Trace_077.csv,-83.83749191,-95.14418079,11.30668888,467557999.6,Sweep
Trace_078.csv,-83.24284006,-94.80497175,11.56213169,467553769.5,Sweep
Trace_079.csv,-83.66023923,-94.83757062,11.17733139,467557999.7,Sweep
Trace_080.csv,-83.58506431,-94.9360452,11.35098089,467557999.7,Sweep
Trace_081.csv,-83.05986949,-94.55310734,11.49323785,467562229.8,Sweep
Trace_082.csv,-83.8484139,-95.31090395,11.46249006,467557999.6,Sweep
Trace_083.csv,-83.71229199,-94.96627119,11.25397919,467562229.8,Sweep
Trace_084.csv,-83.77013699,-95.1299435,11.35980652,467557999.7,Sweep
Trace_085.csv,-83.64694064,-95.10333333,11.45639269,467562229.8,Sweep
Trace_086.csv,-83.42938538,-94.72440678,11.2950214,467557999.7,Sweep
Trace_087.csv,-83.3766879,-94.71830508,11.34161719,467557999.7,Sweep
Trace_088.csv,-83.68253205,-95.10118644,11.41865439,467562229.8,Sweep
Trace_089.csv,-83.43569106,-94.7820904,11.34639934,467562229.8,Sweep
Trace_090.csv,-83.20979133,-94.71175141,11.50196008,467570690,Sweep
Trace_091.csv,-83.83314754,-95.11310734,11.2799598,467562229.8,Sweep
Trace_092.csv,-83.17363946,-94.84542373,11.67178427,467553769.5,Sweep
Trace_093.csv,-83.52773676,-94.73412429,11.20638754,467557999.7,Sweep
Trace_094.csv,-83.92055118,-95.24096045,11.32040927,467557999.7,Sweep
Trace_095.csv,-83.72823899,-95.08,11.35176101,467570690,Sweep
Trace_096.csv,-83.90874797,-95.16305085,11.25430288,467562229.8,Sweep
Trace_097.csv,-83.34804805,-94.77649718,11.42844913,467562229.8,Sweep
Trace_098.csv,-83.51704545,-94.87836158,11.36131613,467570690,Sweep
Trace_099.csv,-83.65943987,-95.04988701,11.39044714,467570690,Sweep
Trace_100.csv,-83.37640432,-94.94299435,11.56659003,467570690,Sweep
Trace_001.csv,-75.28377315,-88.15039548,12.86662233,467562229.8,Sweep
Trace_002.csv,-82.83634965,-94.37429379,11.53794413,467566459.9,Sweep
Trace_003.csv,-82.63427948,-94.21045198,11.5761725,467562229.8,Sweep
Trace_004.csv,-82.85112613,-94.53372881,11.68260269,467574920.2,Sweep
Trace_005.csv,-81.78902439,-93.75915254,11.97012815,467557999.7,Sweep
Trace_006.csv,-82.46399096,-94.34774011,11.88374915,467562229.8,Sweep
Trace_007.csv,-81.97051402,-93.72841808,11.75790406,467562229.8,Sweep
Trace_008.csv,-81.25326466,-93.53242938,12.27916472,467574920.1,Sweep
Trace_009.csv,-82.26946143,-94.15525424,11.88579281,467574920.2,Sweep
Trace_010.csv,-82.51231726,-94.15983051,11.64751325,467549539.4,Sweep
Trace_011.csv,-82.63379888,-94.36118644,11.72738756,467570690,Sweep
Trace_012.csv,-82.11797753,-94.13429379,12.01631626,467557999.7,Sweep
Trace_013.csv,-82.69248855,-94.50067797,11.80818942,467566459.9,Sweep
Trace_014.csv,-82.70141369,-94.50451977,11.80310608,467566459.9,Sweep
Trace_015.csv,-82.70154412,-94.55186441,11.85032029,467562229.8,Sweep
Trace_016.csv,-82.41312399,-94.3640678,11.9509438,467562229.8,Sweep
Trace_017.csv,-82.83453623,-94.48559322,11.65105699,467566459.9,Sweep
Trace_018.csv,-82.55889058,-94.25525424,11.69636366,467566459.9,Sweep
Trace_019.csv,-82.55642012,-94.08073446,11.52431434,467562229.8,Sweep
Trace_020.csv,-82.36377473,-94.04073446,11.67695973,467562229.8,Sweep
Trace_021.csv,-82.44303216,-94.07175141,11.62871925,467562229.8,Sweep
Trace_022.csv,-82.75527439,-94.44892655,11.69365216,467553769.5,Sweep
Trace_023.csv,-82.61402385,-94.32632768,11.71230384,467553769.5,Sweep
Trace_024.csv,-82.65342679,-94.35141243,11.69798564,467562229.8,Sweep
Trace_025.csv,-83.042,-94.4619774,11.4199774,467566459.9,Sweep
Trace_026.csv,-82.26825733,-94.44220339,12.17394606,467549539.5,Sweep
Trace_027.csv,-83.04969183,-94.51751412,11.46782229,467553769.5,Sweep
Trace_028.csv,-82.75275602,-94.4259887,11.67323268,467579150.3,Sweep
Trace_029.csv,-82.67535385,-94.3779096,11.70255576,467566459.9,Sweep
Trace_030.csv,-82.89377236,-94.50344633,11.60967397,467566459.9,Sweep
Trace_031.csv,-82.31916409,-94.0779096,11.75874552,467566459.9,Sweep
Trace_032.csv,-82.93022831,-94.50621469,11.57598638,467557999.7,Sweep
Trace_033.csv,-83.0204232,-94.48423729,11.46381409,467562229.8,Sweep
Trace_034.csv,-82.96637807,-94.48124294,11.51486487,467562229.8,Sweep
Trace_035.csv,-82.79222222,-94.47480226,11.68258004,467557999.7,Sweep
Trace_036.csv,-83.13992151,-94.85045198,11.71053047,467557999.7,Sweep
Trace_037.csv,-82.50317629,-94.20734463,11.70416834,467562229.8,Sweep
Trace_038.csv,-82.50406349,-94.21949153,11.71542803,467566459.9,Sweep
Trace_039.csv,-82.97168971,-94.5320904,11.56040069,467562229.8,Sweep
Trace_040.csv,-82.34780523,-94.05423729,11.70643206,467574920.2,Sweep
Trace_041.csv,-82.64043277,-94.24920904,11.60877627,467553769.5,Sweep
Trace_042.csv,-82.6376506,-94.26016949,11.62251889,467553769.5,Sweep
Trace_043.csv,-82.695693,-94.4919774,11.79628441,467553769.5,Sweep
Trace_044.csv,-82.55523379,-94.03129944,11.47606565,467562229.8,Sweep
Trace_045.csv,-82.46489922,-94.12468927,11.65979004,467570690,Sweep
Trace_046.csv,-82.194,-93.81745763,11.62345763,467549539.4,Sweep
Trace_047.csv,-82.69935636,-94.50067797,11.80132161,467562229.8,Sweep
Trace_048.csv,-82.5319419,-94.23016949,11.6982276,467562229.8,Sweep
Trace_049.csv,-82.69232897,-94.52677966,11.83445069,467566459.9,Sweep
Trace_050.csv,-82.635264,-94.30576271,11.67049871,467562229.8,Sweep
Trace_051.csv,-82.13019787,-93.9180226,11.78782473,467553769.5,Sweep
Trace_052.csv,-82.46692432,-94.31412429,11.84719998,467562229.8,Sweep
Trace_053.csv,-82.3247032,-94.22265537,11.89795217,467566459.9,Sweep
Trace_054.csv,-81.29712766,-93.96254237,12.66541471,467562229.8,Sweep
Trace_055.csv,-82.05592537,-94.13502825,12.07910288,467553769.5,Sweep
Trace_056.csv,-82.45399707,-94.43502825,11.98103118,467562229.8,Sweep
Trace_057.csv,-82.01071646,-94.16141243,12.15069597,467553769.5,Sweep
Trace_058.csv,-82.17327327,-93.96542373,11.79215046,467557999.6,Sweep
Trace_059.csv,-82.01384127,-93.97152542,11.95768415,467549539.4,Sweep
Trace_060.csv,-82.13663235,-94.3279661,12.19133375,467557999.7,Sweep
Trace_061.csv,-82.60821483,-94.46146893,11.8532541,467557999.7,Sweep
Trace_062.csv,-82.6084539,-94.39570621,11.78725231,467562229.8,Sweep
Trace_063.csv,-82.09393293,-94.1519774,12.05804447,467557999.7,Sweep
Trace_064.csv,-82.84157492,-94.45932203,11.61774711,467570690,Sweep
Trace_065.csv,-81.85668712,-93.61971751,11.7630304,467562229.8,Sweep
Trace_066.csv,-82.40497041,-94.34898305,11.94401264,467562229.8,Sweep
Trace_067.csv,-82.49406344,-94.1520904,11.65802695,467566459.9,Sweep
Trace_068.csv,-82.56869436,-94.27519774,11.70650338,467545309.3,Sweep
Trace_069.csv,-82.65427481,-94.17237288,11.51809807,467574920.2,Sweep
Trace_070.csv,-82.78021962,-94.40457627,11.62435665,467553769.5,Sweep
Trace_071.csv,-82.13620272,-94.06762712,11.9314244,467557999.7,Sweep
Trace_072.csv,-82.20553323,-94.1719209,11.96638767,467557999.7,Sweep
Trace_073.csv,-82.67004386,-94.70480226,12.0347584,467562229.8,Sweep
Trace_074.csv,-81.96315625,-94.07146893,12.10831268,467570690,Sweep
Trace_075.csv,-82.57062767,-94.4459887,11.87536103,467570690,Sweep
Trace_076.csv,-82.28258297,-94.45502825,12.17244528,467562229.8,Sweep
Trace_077.csv,-82.63774003,-94.42045198,11.78271195,467562229.8,Sweep
Trace_078.csv,-81.90463141,-94.06508475,12.16045334,467562229.8,Sweep
Trace_079.csv,-81.87386076,-94.07062147,12.19676071,467566459.9,Sweep
Trace_080.csv,-82.67596096,-94.5360452,11.86008424,467557999.7,Sweep
Trace_081.csv,-82.85942731,-94.60661017,11.74718286,467549539.4,Sweep
Trace_082.csv,-81.93933871,-93.91774011,11.9784014,467566459.9,Sweep
Trace_083.csv,-82.21748503,-94.28983051,12.07234548,467562229.8,Sweep
Trace_084.csv,-82.150387,-93.9699435,11.81955651,467557999.7,Sweep
Trace_085.csv,-82.81467552,-94.38288136,11.56820584,467566459.9,Sweep
Trace_086.csv,-82.11341463,-93.97440678,11.86099215,467562229.8,Sweep
Trace_087.csv,-82.13825421,-94.29847458,12.16022036,467566459.9,Sweep
Trace_088.csv,-82.76079179,-94.48519774,11.72440595,467557999.7,Sweep
Trace_089.csv,-82.30360465,-94.37259887,12.06899422,467562229.8,Sweep
Trace_090.csv,-82.82524444,-94.56440678,11.73916234,467562229.8,Sweep
Trace_091.csv,-82.58171898,-94.22525424,11.64353525,467557999.7,Sweep
Trace_092.csv,-82.16334375,-94.22,12.05665625,467566459.9,Sweep
Trace_093.csv,-82.42993967,-94.31813559,11.88819593,467566459.9,Sweep
Trace_094.csv,-82.72400646,-94.50214689,11.77814043,467566459.9,Sweep
Trace_095.csv,-82.82403202,-94.19423729,11.37020526,467566459.9,Sweep
Trace_096.csv,-82.53806259,-94.21073446,11.67267187,467570690,Sweep
Trace_097.csv,-83.36612216,-94.76011299,11.39399084,467574920.2,Sweep
Trace_098.csv,-82.57580547,-94.34169492,11.76588944,467557999.6,Sweep
Trace_099.csv,-82.4845098,-94.41830508,11.93379528,467562229.8,Sweep
Trace_100.csv,-82.14143939,-94.24107345,12.09963405,467570690,Sweep
Trace_001.csv,-74.24630648,-86.84271186,12.59640538,467566459.9,Sweep
Trace_002.csv,-81.30847411,-93.53548023,12.22700611,467566459.9,Sweep
Trace_003.csv,-81.13359882,-93.51728814,12.38368932,467557999.7,Sweep
Trace_004.csv,-80.63025788,-92.83028249,12.20002461,467541079.2,Sweep
Trace_005.csv,-81.14245232,-93.46254237,12.32009006,467553769.5,Sweep
Trace_006.csv,-81.19626126,-93.47214689,12.27588563,467562229.8,Sweep
Trace_007.csv,-81.32713877,-93.4460452,12.11890643,467574920.2,Sweep
Trace_008.csv,-80.90656609,-93.26214689,12.3555808,467553769.5,Sweep
Trace_009.csv,-81.37949153,-93.51954802,12.1400565,467557999.7,Sweep
Trace_010.csv,-80.51134409,-93.26740113,12.75605704,467541079.2,Sweep
Trace_011.csv,-80.55446686,-92.78271186,12.22824501,467566459.9,Sweep
Trace_012.csv,-81.25240612,-93.37824859,12.12584247,467574920.2,Sweep
Trace_013.csv,-80.57155937,-92.93067797,12.3591186,467557999.7,Sweep
Trace_014.csv,-80.79034582,-93.09491525,12.30456943,467553769.5,Sweep
Trace_015.csv,-81.22732746,-93.22920904,12.00188158,467557999.7,Sweep
Trace_016.csv,-80.52760055,-92.96457627,12.43697572,467553769.5,Sweep
Trace_017.csv,-80.8829745,-93.11728814,12.23431363,467583380.4,Sweep
Trace_018.csv,-81.0503207,-93.32740113,12.27708043,467557999.7,Sweep
Trace_019.csv,-80.7393245,-92.84706215,12.10773764,467562229.8,Sweep
Trace_020.csv,-81.03542466,-93.18497175,12.14954709,467562229.8,Sweep
Trace_021.csv,-80.89600287,-92.7419774,11.84597454,467570690,Sweep
Trace_022.csv,-80.90233607,-92.71429379,11.81195772,467566459.9,Sweep
Trace_023.csv,-81.03057692,-93.03016949,11.99959257,467557999.7,Sweep
Trace_024.csv,-81.18884344,-93.23152542,12.04268198,467557999.7,Sweep
Trace_025.csv,-81.27953425,-93.61141243,12.33187818,467562229.8,Sweep
Trace_026.csv,-81.06651195,-93.18276836,12.11625641,467549539.4,Sweep
Trace_027.csv,-81.02424012,-93.1459887,12.12174858,467553769.5,Sweep
Trace_028.csv,-80.97285311,-93.27870056,12.30584746,467579150.3,Sweep
Trace_029.csv,-81.26542657,-93.35282486,12.08739829,467574920.2,Sweep
Trace_030.csv,-81.24609655,-93.43254237,12.18644582,467553769.5,Sweep
Trace_031.csv,-81.16208852,-93.38847458,12.22638606,467574920.1,Sweep
Trace_032.csv,-80.85265217,-93.33056497,12.4779128,467562229.8,Sweep
Trace_033.csv,-80.73193215,-92.83062147,12.09868932,467562229.8,Sweep
Trace_034.csv,-80.86006944,-93.04288136,12.18281191,467570690,Sweep
Trace_035.csv,-81.01002747,-93.32858757,12.3185601,467562229.8,Sweep
Trace_036.csv,-80.7418448,-93.11751412,12.37566932,467562229.8,Sweep
Trace_037.csv,-81.25152639,-93.50740113,12.25587474,467557999.7,Sweep
Trace_038.csv,-81.80402189,-93.62542373,11.82140184,467549539.4,Sweep
Trace_039.csv,-81.21422497,-93.38768362,12.17345865,467562229.8,Sweep
Trace_040.csv,-81.06796143,-93.28389831,12.21593687,467536849.1,Sweep
Trace_041.csv,-81.38422254,-93.46971751,12.08549497,467562229.8,Sweep
Trace_042.csv,-80.6876406,-93.26864407,12.58100346,467541079.2,Sweep
Trace_043.csv,-81.48717599,-93.6780226,12.19084661,467562229.8,Sweep
Trace_044.csv,-81.63406528,-93.86740113,12.23333585,467562229.8,Sweep
Trace_045.csv,-81.3548583,-93.52909605,12.17423775,467549539.4,Sweep
Trace_046.csv,-81.41193922,-93.44706215,12.03512293,467562229.8,Sweep
Trace_047.csv,-81.75741742,-93.72728814,11.96987072,467553769.5,Sweep
Trace_048.csv,-81.7666712,-93.74570621,11.97903502,467541079.2,Sweep
Trace_049.csv,-81.71276204,-93.6119209,11.89915886,467562229.8,Sweep
Trace_050.csv,-81.86455814,-93.74016949,11.87561135,467549539.4,Sweep
Trace_051.csv,-81.6975583,-93.77265537,12.07509707,467570690,Sweep
Trace_052.csv,-81.61966197,-93.71028249,12.09062051,467574920.1,Sweep
Trace_053.csv,-81.77046243,-93.67762712,11.90716469,467574920.2,Sweep
Trace_054.csv,-81.64420505,-93.78107345,12.13686839,467566459.9,Sweep
Trace_055.csv,-81.89393352,-93.92146893,12.02753541,467562229.8,Sweep
Trace_056.csv,-81.29579259,-93.64819209,12.3523995,467562229.8,Sweep
Trace_057.csv,-81.38290598,-93.58022599,12.19732001,467557999.7,Sweep
Trace_058.csv,-81.24697143,-93.59338983,12.3464184,467570690,Sweep
Trace_059.csv,-81.24479606,-93.5579661,12.31317004,467553769.5,Sweep
Trace_060.csv,-81.08215553,-93.41649718,12.33434165,467545309.3,Sweep
Trace_061.csv,-81.4458705,-93.47474576,12.02887526,467553769.5,Sweep
Trace_062.csv,-80.65613573,-93.21367232,12.55753658,467562229.8,Sweep
Trace_063.csv,-81.42948324,-93.28502825,11.85554501,467557999.7,Sweep
Trace_064.csv,-81.44283688,-93.67717514,12.23433826,467553769.5,Sweep
Trace_065.csv,-81.25826458,-93.53412429,12.27585971,467562229.8,Sweep
Trace_066.csv,-81.13823765,-93.47740113,12.33916348,467545309.3,Sweep
Trace_067.csv,-81.21421348,-93.26214689,12.04793341,467553769.5,Sweep
Trace_068.csv,-80.90412172,-93.35152542,12.44740371,467566459.9,Sweep
Trace_069.csv,-81.1852965,-93.25864407,12.07334757,467553769.5,Sweep
Trace_070.csv,-80.73772664,-93.07864407,12.34091743,467557999.7,Sweep
Trace_071.csv,-80.73042879,-93.20915254,12.47872375,467566459.9,Sweep
Trace_072.csv,-81.56392808,-93.57762712,12.01369904,467574920.2,Sweep
Trace_073.csv,-81.37505435,-93.58644068,12.21138633,467541079.2,Sweep
Trace_074.csv,-81.38096946,-93.68548023,12.30451077,467553769.5,Sweep
Trace_075.csv,-81.68397019,-93.85508475,12.17111456,467562229.8,Sweep
Trace_076.csv,-81.02998636,-93.09785311,12.06786675,467557999.7,Sweep
Trace_077.csv,-81.16734694,-93.35367232,12.18632538,467557999.7,Sweep
Trace_078.csv,-80.39214395,-92.92079096,12.52864701,467566459.9,Sweep
Trace_079.csv,-81.10711648,-93.50785311,12.40073663,467562229.8,Sweep
Trace_080.csv,-80.61778107,-92.89514124,12.27736018,467549539.4,Sweep
Trace_081.csv,-81.16391304,-93.53124294,12.36732989,467549539.4,Sweep
Trace_082.csv,-80.92491803,-93.23548023,12.31056219,467562229.8,Sweep
Trace_083.csv,-81.19129927,-93.30271186,12.11141259,467562229.8,Sweep
Trace_084.csv,-80.76758435,-93.07813559,12.31055125,467566459.9,Sweep
Trace_085.csv,-81.15108289,-93.43016949,12.2790866,467545309.3,Sweep
Trace_086.csv,-81.27409283,-93.51079096,12.23669813,467557999.7,Sweep
Trace_087.csv,-81.44659892,-93.37694915,11.93035024,467562229.8,Sweep
Trace_088.csv,-81.44126876,-93.51491525,12.0736465,467553769.5,Sweep
Trace_089.csv,-81.24628966,-93.55615819,12.30986854,467553769.5,Sweep
Trace_090.csv,-81.59693989,-94.06050847,12.46356858,467553769.5,Sweep
Trace_091.csv,-81.57816594,-93.67785311,12.09968717,467549539.4,Sweep
Trace_092.csv,-80.31273002,-92.95875706,12.64602705,467566459.9,Sweep
Trace_093.csv,-81.51549538,-93.92960452,12.41410914,467545309.3,Sweep
Trace_094.csv,-81.4286357,-93.54576271,12.11712701,467566459.9,Sweep
Trace_095.csv,-81.12143875,-93.69762712,12.57618837,467579150.3,Sweep
Trace_096.csv,-81.11925874,-93.57186441,12.45260567,467557999.7,Sweep
Trace_097.csv,-81.24398293,-93.41875706,12.17477413,467557999.7,Sweep
Trace_098.csv,-81.32614325,-93.71926554,12.39312229,467553769.5,Sweep
Trace_099.csv,-81.7629683,-93.82819209,12.06522379,467557999.7,Sweep
Trace_100.csv,-81.38893855,-93.64073446,12.25179592,467566459.9,Sweep
Trace_001.csv,-69.70018315,-82.87717514,13.17699199,467562229.8,Sweep
Trace_002.csv,-78.67163683,-91.53813559,12.86649876,467549539.4,Sweep
Trace_003.csv,-79.26798235,-91.68519774,12.41721539,467557999.7,Sweep
Trace_004.csv,-78.16055108,-90.94214689,12.78159582,467545309.3,Sweep
Trace_005.csv,-79.12555966,-91.63559322,12.51003356,467553769.5,Sweep
Trace_006.csv,-79.1853316,-91.8999435,12.7146119,467566459.9,Sweep
Trace_007.csv,-78.35019455,-91.01881356,12.66861901,467562229.8,Sweep
Trace_008.csv,-78.90453086,-91.53361582,12.62908496,467553769.5,Sweep
Trace_009.csv,-79.03696019,-92.07028249,13.03332229,467566459.9,Sweep
Trace_010.csv,-78.52984772,-91.27870056,12.74885285,467566459.9,Sweep
Trace_011.csv,-78.76074074,-91.61333333,12.85259259,467557999.7,Sweep
Trace_012.csv,-79.1880641,-91.49,12.3019359,467579150.3,Sweep
Trace_013.csv,-79.40105332,-91.98293785,12.58188454,467562229.8,Sweep
Trace_014.csv,-79.08400256,-91.74033898,12.65633643,467562229.8,Sweep
Trace_015.csv,-79.39491569,-91.70067797,12.30576227,467553769.5,Sweep
Trace_016.csv,-78.59442623,-91.44689266,12.85246643,467549539.4,Sweep
Trace_017.csv,-79.01545098,-91.63977401,12.62432303,467549539.4,Sweep
Trace_018.csv,-79.46030303,-92.09949153,12.6391885,467536849.1,Sweep
Trace_019.csv,-79.2553038,-91.82700565,12.57170185,467566459.9,Sweep
Trace_020.csv,-79.33798758,-92.10225989,12.76427231,467557999.7,Sweep
Trace_021.csv,-79.74966837,-92.11474576,12.3650774,467562229.8,Sweep
Trace_022.csv,-78.71454075,-91.36677966,12.65223891,467562229.8,Sweep
Trace_023.csv,-79.45144279,-92.07892655,12.62748377,467557999.7,Sweep
Trace_024.csv,-79.5477058,-91.91463277,12.36692697,467553769.5,Sweep
Trace_025.csv,-78.9335854,-91.65214689,12.7185615,467566459.9,Sweep
Trace_026.csv,-79.76666667,-92.44367232,12.67700565,467545309.3,Sweep
Trace_027.csv,-79.76316883,-92.16977401,12.40660518,467570690,Sweep
Trace_028.csv,-78.65716475,-91.42581921,12.76865446,467574920.2,Sweep
Trace_029.csv,-78.96940506,-91.73966102,12.77025595,467549539.4,Sweep
Trace_030.csv,-79.49078261,-91.79248588,12.30170327,467536849.1,Sweep
Trace_031.csv,-78.92034146,-91.65548023,12.73513876,467570690,Sweep
Trace_032.csv,-79.14925089,-91.83564972,12.68639883,467545309.3,Sweep
Trace_033.csv,-79.54546482,-91.88949153,12.3440267,467566459.9,Sweep
Trace_034.csv,-78.17845127,-90.90248588,12.72403461,467541079.2,Sweep
Trace_035.csv,-78.10116945,-90.97129944,12.87012998,467536849,Sweep
Trace_036.csv,-78.69090793,-90.95378531,12.26287738,467583380.4,Sweep
Trace_037.csv,-77.30705081,-90.40745763,13.10040682,467549539.4,Sweep
Trace_038.csv,-78.88892382,-91.57853107,12.68960725,467545309.3,Sweep
Trace_039.csv,-78.73038896,-90.94762712,12.21723816,467549539.4,Sweep
Trace_040.csv,-78.17285714,-91.10824859,12.93539144,467562229.8,Sweep
Trace_041.csv,-78.92911348,-91.39271186,12.46359839,467536849.1,Sweep
Trace_042.csv,-78.99509259,-91.33288136,12.33778876,467557999.7,Sweep
Trace_043.csv,-79.05835476,-91.74971751,12.69136276,467562229.8,Sweep
Trace_044.csv,-79.45347066,-92.24242938,12.78895872,467553769.5,Sweep
Trace_045.csv,-79.4333377,-91.98045198,12.54711428,467536849.1,Sweep
Trace_046.csv,-79.73392987,-92.27757062,12.54364075,467562229.8,Sweep
Trace_047.csv,-79.3747673,-91.96943503,12.59466773,467566459.9,Sweep
Trace_048.csv,-79.5944402,-91.95870056,12.36426036,467583380.4,Sweep
Trace_049.csv,-79.28741445,-91.90175141,12.61433696,467566459.9,Sweep
Trace_050.csv,-79.48258367,-92.05045198,12.56786831,467562229.8,Sweep
Trace_051.csv,-79.00423969,-91.43225989,12.4280202,467562229.8,Sweep
Trace_052.csv,-79.40545682,-91.92943503,12.52397821,467557999.7,Sweep
Trace_053.csv,-79.3789295,-92.13514124,12.75621174,467562229.8,Sweep
Trace_054.csv,-78.7335414,-91.47757062,12.74402922,467549539.4,Sweep
Trace_055.csv,-79.71661692,-92.24225989,12.52564297,467583380.4,Sweep
Trace_056.csv,-79.61044118,-92.00248588,12.3920447,467583380.4,Sweep
Trace_057.csv,-78.99542818,-91.90932203,12.91389386,467566459.9,Sweep
Trace_058.csv,-78.8971519,-91.60169492,12.70454302,467557999.7,Sweep
Trace_059.csv,-79.50145546,-92.16062147,12.65916601,467557999.7,Sweep
Trace_060.csv,-79.32640741,-92.30067797,12.97427056,467553769.5,Sweep
Trace_061.csv,-79.80929024,-92.44372881,12.63443857,467557999.7,Sweep
Trace_062.csv,-79.42775862,-92.13548023,12.70772161,467545309.3,Sweep
Trace_063.csv,-79.51771022,-91.6019774,12.08426718,467553769.5,Sweep
Trace_064.csv,-79.43353982,-92.30440678,12.87086696,467562229.8,Sweep
Trace_065.csv,-79.03841495,-91.80903955,12.7706246,467570690,Sweep
Trace_066.csv,-79.14965071,-91.88491525,12.73526454,467562229.8,Sweep
Trace_067.csv,-79.78968952,-92.13785311,12.34816359,467557999.7,Sweep
Trace_068.csv,-79.09842965,-91.82564972,12.72722007,467557999.7,Sweep
Trace_069.csv,-79.48777094,-92.2160452,12.72827426,467562229.8,Sweep
Trace_070.csv,-79.50856209,-92.04655367,12.53799158,467557999.7,Sweep
Trace_071.csv,-79.3925679,-92.1120904,12.71952249,467570690,Sweep
Trace_072.csv,-79.75431847,-92.36265537,12.6083369,467562229.8,Sweep
Trace_073.csv,-79.47719892,-91.74248588,12.26528696,467566459.9,Sweep
Trace_074.csv,-80.10970996,-92.59898305,12.48927309,467549539.4,Sweep
Trace_075.csv,-79.44884663,-91.76542373,12.3165771,467557999.7,Sweep
Trace_076.csv,-78.13072229,-90.93615819,12.8054359,467562229.8,Sweep
Trace_077.csv,-80.37047441,-92.49717514,12.12670073,467541079.2,Sweep
Trace_078.csv,-79.5986071,-92.1520904,12.5534833,467557999.7,Sweep
Trace_079.csv,-78.80666667,-91.48288136,12.67621469,467557999.7,Sweep
Trace_080.csv,-79.56800493,-92.31033898,12.74233406,467566459.9,Sweep
Trace_081.csv,-79.37589404,-91.97084746,12.59495342,467545309.3,Sweep
Trace_082.csv,-78.67392132,-91.52531073,12.85138941,467566459.9,Sweep
Trace_083.csv,-79.43613695,-92.07824859,12.64211164,467562229.8,Sweep
Trace_084.csv,-79.21716981,-91.53429379,12.31712397,467566459.9,Sweep
Trace_085.csv,-78.90940182,-91.82293785,12.91353603,467549539.4,Sweep
Trace_086.csv,-78.81510076,-91.74689266,12.9317919,467549539.4,Sweep
Trace_087.csv,-79.39959583,-91.9600565,12.56046067,467536849.1,Sweep
Trace_088.csv,-78.94430025,-91.53056497,12.58626472,467566459.9,Sweep
Trace_089.csv,-79.88914432,-92.55022599,12.66108167,467579150.3,Sweep
Trace_090.csv,-78.26777344,-91.17570621,12.90793278,467553769.5,Sweep
Trace_091.csv,-79.31298526,-91.77418079,12.46119553,467583380.4,Sweep
Trace_092.csv,-79.436,-91.87276836,12.43676836,467557999.7,Sweep
Trace_093.csv,-79.64303846,-91.8479661,12.20492764,467536849.1,Sweep
Trace_094.csv,-79.76790524,-92.26853107,12.50062584,467549539.4,Sweep
Trace_095.csv,-79.60679348,-92.06525424,12.45846076,467566459.9,Sweep
Trace_096.csv,-79.63353659,-92.14502825,12.51149166,467553769.5,Sweep
Trace_097.csv,-80.16439948,-92.43949153,12.27509205,467553769.5,Sweep
Trace_098.csv,-78.83548892,-91.51909605,12.68360713,467566459.9,Sweep
Trace_099.csv,-78.94847458,-91.53632768,12.58785311,467557999.7,Sweep
Trace_100.csv,-80.29799505,-92.66152542,12.36353037,467562229.8,Sweep
Trace_001.csv,-67.01414286,-80.2800565,13.26591364,467566459.9,Sweep
Trace_002.csv,-76.35403803,-89.51587571,13.16183767,467536849.1,Sweep
Trace_003.csv,-76.62142353,-89.35745763,12.7360341,467562229.8,Sweep
Trace_004.csv,-75.07710947,-88.57542373,13.49831426,467557999.7,Sweep
Trace_005.csv,-76.57812217,-90.1380791,13.55995692,467545309.3,Sweep
Trace_006.csv,-76.91206294,-90.04587571,13.13381277,467566459.9,Sweep
Trace_007.csv,-75.96366313,-89.29231638,13.32865325,467562229.8,Sweep
Trace_008.csv,-76.13688836,-89.58932203,13.45243367,467557999.7,Sweep
Trace_009.csv,-76.79705128,-89.62785311,12.83080183,467545309.3,Sweep
Trace_010.csv,-75.62161782,-88.9599435,13.33832568,467557999.7,Sweep
Trace_011.csv,-76.31419883,-89.78932203,13.4751232,467541079.2,Sweep
Trace_012.csv,-76.66988038,-89.47361582,12.80373544,467549539.4,Sweep
Trace_013.csv,-75.93863582,-88.97531073,13.03667491,467528388.8,Sweep
Trace_014.csv,-76.49811364,-90.01180791,13.51369427,467553769.5,Sweep
Trace_015.csv,-76.54841718,-89.43830508,12.88988791,467562229.8,Sweep
Trace_016.csv,-75.79726496,-89.08033898,13.28307403,467536849.1,Sweep
Trace_017.csv,-76.22239669,-89.31983051,13.09743381,467549539.4,Sweep
Trace_018.csv,-76.33303861,-89.16152542,12.82848682,467557999.7,Sweep
Trace_019.csv,-75.30702206,-88.7179096,13.41088755,467557999.7,Sweep
Trace_020.csv,-76.28436321,-89.59502825,13.31066504,467557999.7,Sweep
Trace_021.csv,-76.76617612,-89.5859322,12.81975609,467566459.9,Sweep
Trace_022.csv,-75.55382318,-88.81677966,13.26295648,467553769.5,Sweep
Trace_023.csv,-76.42581315,-89.72096045,13.2951473,467566459.9,Sweep
Trace_024.csv,-76.7545697,-89.49644068,12.74187098,467591840.6,Sweep
Trace_025.csv,-75.22839264,-88.69073446,13.46234183,467549539.4,Sweep
Trace_026.csv,-76.00205529,-89.56909605,13.56704076,467557999.7,Sweep
Trace_027.csv,-76.64252969,-89.47711864,12.83458895,467541079.2,Sweep
Trace_028.csv,-75.37628676,-88.69762712,13.32134035,467566459.9,Sweep
Trace_029.csv,-76.22193473,-89.5879661,13.36603137,467557999.7,Sweep
Trace_030.csv,-76.76099282,-89.52079096,12.75979814,467553769.5,Sweep
Trace_031.csv,-76.46776136,-90.00457627,13.53681491,467549539.4,Sweep
Trace_032.csv,-76.24356977,-89.81892655,13.57535679,467545309.3,Sweep
Trace_033.csv,-76.70835731,-89.63152542,12.92316811,467553769.5,Sweep
Trace_034.csv,-76.63577332,-90.04429379,13.40852047,467574920.2,Sweep
Trace_035.csv,-76.63311688,-89.9219774,13.28886052,467541079.2,Sweep
Trace_036.csv,-76.98779302,-89.74118644,12.75339342,467574920.1,Sweep
Trace_037.csv,-76.65531674,-89.76683616,13.11151942,467549539.4,Sweep
Trace_038.csv,-76.7635119,-89.83124294,13.06773103,467570690,Sweep
Trace_039.csv,-76.60568651,-89.52813559,12.92244908,467553769.5,Sweep
Trace_040.csv,-76.66597433,-89.86542373,13.1994494,467562229.8,Sweep
Trace_041.csv,-76.96070615,-90.47983051,13.51912436,467570690,Sweep
Trace_042.csv,-75.96405707,-88.92096045,12.95690338,467562229.8,Sweep
Trace_043.csv,-76.44124105,-89.79649718,13.35525613,467557999.7,Sweep
Trace_044.csv,-76.22341981,-89.59649718,13.37307736,467541079.2,Sweep
Trace_045.csv,-76.27919811,-89.30502825,13.02583014,467528388.8,Sweep
Trace_046.csv,-76.68815789,-90.02920904,13.34105114,467562229.8,Sweep
Trace_047.csv,-76.87937956,-89.80254237,12.92316281,467536849.1,Sweep
Trace_048.csv,-75.891602,-88.8319774,12.9403754,467536849.1,Sweep
Trace_049.csv,-76.34366348,-89.80062147,13.45695798,467536849,Sweep
Trace_050.csv,-76.77156479,-89.3260452,12.55448041,467583380.4,Sweep
Trace_051.csv,-76.3754928,-89.89220339,13.51671059,467536849,Sweep
Trace_052.csv,-76.36538106,-89.85977401,13.49439295,467557999.7,Sweep
Trace_053.csv,-77.06709639,-89.52079096,12.45369457,467541079.2,Sweep
Trace_054.csv,-75.7892823,-89.41672316,13.62744087,467553769.5,Sweep
Trace_055.csv,-76.51470449,-89.95734463,13.44264014,467570690,Sweep
Trace_056.csv,-77.25016746,-89.82875706,12.5785896,467587610.5,Sweep
Trace_057.csv,-75.72066038,-89.14,13.41933962,467562229.8,Sweep
Trace_058.csv,-76.8584289,-90.37378531,13.51535641,467557999.7,Sweep
Trace_059.csv,-76.73261294,-89.22333333,12.49072039,467574920.1,Sweep
Trace_060.csv,-76.54723429,-89.83152542,13.28429114,467549539.4,Sweep
Trace_061.csv,-76.63784027,-89.57338983,12.93554956,467557999.7,Sweep
Trace_062.csv,-76.09472119,-89.12847458,13.03375339,467566459.9,Sweep
Trace_063.csv,-76.99007117,-89.78129944,12.79122826,467570690,Sweep
Trace_064.csv,-76.57141475,-89.79988701,13.22847225,467570690,Sweep
Trace_065.csv,-76.73020757,-89.44745763,12.71725006,467536849,Sweep
Trace_066.csv,-76.67244521,-89.89146893,13.21902371,467562229.8,Sweep
Trace_067.csv,-76.93942446,-89.93180791,12.99238345,467553769.5,Sweep
Trace_068.csv,-76.80377445,-90.15587571,13.35210125,467562229.8,Sweep
Trace_069.csv,-76.7610274,-90.32525424,13.56422684,467553769.5,Sweep
Trace_070.csv,-77.18563482,-90.37677966,13.19114484,467549539.4,Sweep
Trace_071.csv,-75.81387136,-89.44875706,13.6348857,467549539.4,Sweep
Trace_072.csv,-76.57546318,-89.95440678,13.3789436,467574920.1,Sweep
Trace_073.csv,-76.8322569,-89.91022599,13.07796909,467545309.3,Sweep
Trace_074.csv,-77.0177081,-90.29853107,13.28082298,467574920.1,Sweep
Trace_075.csv,-76.93064665,-90.57322034,13.64257369,467570690,Sweep
Trace_076.csv,-76.67928058,-89.77548023,13.09619965,467553769.5,Sweep
Trace_077.csv,-76.65881733,-90.04920904,13.39039171,467579150.3,Sweep
Trace_078.csv,-77.75265212,-90.42887006,12.67621793,467557999.7,Sweep
Trace_079.csv,-76.06090692,-89.60491525,13.54400833,467557999.7,Sweep
Trace_080.csv,-76.53041667,-89.91344633,13.38302966,467562229.8,Sweep
Trace_081.csv,-76.822189,-89.85836158,13.03617259,467557999.7,Sweep
Trace_082.csv,-76.48866442,-89.60463277,13.11596835,467570690,Sweep
Trace_083.csv,-76.59383372,-89.97039548,13.37656176,467549539.4,Sweep
Trace_084.csv,-76.60545998,-89.68745763,13.08199765,467545309.3,Sweep
Trace_085.csv,-76.65835253,-89.97728814,13.3189356,467566459.9,Sweep
Trace_086.csv,-77.20558269,-90.84728814,13.64170545,467545309.3,Sweep
Trace_087.csv,-76.06151852,-89.15909605,13.09757753,467566459.9,Sweep
Trace_088.csv,-76.17969623,-89.48118644,13.30149021,467549539.4,Sweep
Trace_089.csv,-76.97674907,-90.10785311,13.13110403,467566459.9,Sweep
Trace_090.csv,-75.88241784,-89.45638418,13.57396634,467532619,Sweep
Trace_091.csv,-76.72590604,-90.52090395,13.79499791,467549539.4,Sweep
Trace_092.csv,-76.82602579,-89.87418079,13.048155,467570690,Sweep
Trace_093.csv,-76.90029036,-90.02248588,13.12219552,467566459.9,Sweep
Trace_094.csv,-76.89868815,-90.39090395,13.49221581,467557999.7,Sweep
Trace_095.csv,-76.30972422,-89.28169492,12.97197069,467549539.4,Sweep
Trace_096.csv,-77.0654321,-90.69960452,13.63417242,467562229.8,Sweep
Trace_097.csv,-77.39138518,-90.21644068,12.8250555,467562229.8,Sweep
Trace_098.csv,-76.74856308,-90.01361582,13.26505274,467557999.7,Sweep
Trace_099.csv,-77.11843569,-90.10677966,12.98834397,467532619,Sweep
Trace_100.csv,-77.26496984,-90.21451977,12.94954993,467566459.9,Sweep
Trace_001.csv,-66.04196552,-79.17435028,13.13238477,467557999.7,Sweep
Trace_002.csv,-75.66217687,-89.30310734,13.64093047,467549539.4,Sweep
Trace_003.csv,-76.37964531,-89.60542373,13.22577842,467557999.7,Sweep
Trace_004.csv,-74.21627284,-87.92468927,13.70841643,467553769.5,Sweep
Trace_005.csv,-74.43157034,-88.14084746,13.70927712,467553769.5,Sweep
Trace_006.csv,-74.52547991,-87.64418079,13.11870088,467579150.3,Sweep
Trace_007.csv,-74.49676633,-88.48610169,13.98933536,467566459.9,Sweep
Trace_008.csv,-74.82920182,-88.34525424,13.51605241,467541079.2,Sweep
Trace_009.csv,-74.62917266,-87.71327684,13.08410417,467562229.8,Sweep
Trace_010.csv,-75.09331492,-88.85960452,13.7662896,467557999.7,Sweep
Trace_011.csv,-74.90812431,-88.39158192,13.48345761,467566459.9,Sweep
Trace_012.csv,-74.81961446,-87.77468927,12.95507481,467532619,Sweep
Trace_013.csv,-74.94179775,-88.75728814,13.81549038,467583380.4,Sweep
Trace_014.csv,-74.8784581,-88.63553672,13.75707862,467553769.5,Sweep
Trace_015.csv,-75.37411441,-88.73372881,13.3596144,467553769.6,Sweep
Trace_016.csv,-74.67508513,-88.7979661,14.12288097,467553769.5,Sweep
Trace_017.csv,-74.66123874,-88.2280226,13.56678386,467579150.2,Sweep
Trace_018.csv,-74.73377622,-87.96022599,13.22644976,467562229.8,Sweep
Trace_019.csv,-75.35635762,-89.24112994,13.88477233,467557999.7,Sweep
Trace_020.csv,-75.39643262,-88.8820904,13.48565778,467557999.7,Sweep
Trace_021.csv,-74.67186101,-87.96474576,13.29288475,467545309.3,Sweep
Trace_022.csv,-74.65966781,-88.25915254,13.59948473,467553769.5,Sweep
Trace_023.csv,-74.77909507,-88.3000565,13.52096142,467557999.7,Sweep
Trace_024.csv,-74.3898445,-87.73728814,13.34744364,467570690,Sweep
Trace_025.csv,-74.32442857,-87.9640113,13.63958273,467557999.7,Sweep
Trace_026.csv,-75.16415704,-88.43299435,13.26883731,467570690,Sweep
Trace_027.csv,-74.03316425,-87.59293785,13.5597736,467557999.7,Sweep
Trace_028.csv,-74.93936526,-89.12937853,14.19001327,467545309.3,Sweep
Trace_029.csv,-75.47620112,-89.02553672,13.54933561,467562229.8,Sweep
Trace_030.csv,-74.08934195,-87.57514124,13.48579929,467566459.9,Sweep
Trace_031.csv,-74.93913966,-88.63977401,13.70063435,467570690,Sweep
Trace_032.csv,-75.04345103,-88.23858757,13.19513655,467557999.7,Sweep
Trace_033.csv,-73.52636686,-87.02898305,13.50261619,467545309.3,Sweep
Trace_034.csv,-74.71330377,-88.2219774,13.50867363,467545309.3,Sweep
Trace_035.csv,-75.33756453,-88.68836158,13.35079705,467557999.7,Sweep
Trace_036.csv,-73.67462963,-86.9420339,13.26740427,467566459.9,Sweep
Trace_037.csv,-74.69639175,-88.17220339,13.47581164,467545309.3,Sweep
Trace_038.csv,-75.11243119,-88.48118644,13.36875525,467591840.6,Sweep
Trace_039.csv,-74.85086364,-88.37248588,13.52162224,467557999.7,Sweep
Trace_040.csv,-74.7709417,-88.74158192,13.97064022,467545309.3,Sweep
Trace_041.csv,-74.67328106,-87.75536723,13.08208617,467562229.8,Sweep
Trace_042.csv,-74.4974104,-88.29333333,13.79592293,467570690,Sweep
Trace_043.csv,-74.9462543,-88.22378531,13.27753102,467549539.4,Sweep
Trace_044.csv,-74.71908987,-88.03367232,13.31458244,467557999.7,Sweep
Trace_045.csv,-74.49650847,-88.55581921,14.05931073,467553769.5,Sweep
Trace_046.csv,-75.16952601,-88.13435028,12.96482427,467541079.2,Sweep
Trace_047.csv,-74.41766102,-87.89943503,13.48177401,467562229.8,Sweep
Trace_048.csv,-74.33883237,-88.20039548,13.86156311,467553769.5,Sweep
Trace_049.csv,-75.34221111,-88.73451977,13.39230866,467562229.8,Sweep
Trace_050.csv,-73.74675121,-86.6780226,12.93127139,467562229.8,Sweep
Trace_051.csv,-74.891947,-88.13943503,13.24748802,467562229.8,Sweep
Trace_052.csv,-75.08451348,-88.37745763,13.29294415,467566459.9,Sweep
Trace_053.csv,-74.84681093,-88.42497175,13.57816082,467545309.3,Sweep
Trace_054.csv,-74.32176734,-88.49717514,14.1754078,467553769.5,Sweep
Trace_055.csv,-75.31950893,-88.60898305,13.28947412,467557999.7,Sweep
Trace_056.csv,-75.14020112,-89.12180791,13.98160679,467557999.7,Sweep
Trace_057.csv,-75.05226712,-89.00672316,13.95445605,467545309.3,Sweep
Trace_058.csv,-74.53035714,-88.01649718,13.48614003,467562229.8,Sweep
Trace_059.csv,-75.21001083,-88.89610169,13.68609086,467553769.5,Sweep
Trace_060.csv,-75.09767549,-88.51485876,13.41718327,467549539.5,Sweep
Trace_061.csv,-73.97455814,-87.99909605,14.02453791,467545309.3,Sweep
Trace_062.csv,-74.61591216,-88.84875706,14.2328449,467553769.5,Sweep
Trace_063.csv,-75.54289678,-89.03344633,13.49054955,467541079.2,Sweep
Trace_064.csv,-75.37754348,-89.31355932,13.93601584,467557999.7,Sweep
Trace_065.csv,-74.74111111,-88.78830508,14.04719397,467553769.5,Sweep
Trace_066.csv,-75.34517937,-88.84514124,13.49996187,467545309.3,Sweep
Trace_067.csv,-74.96967634,-88.74672316,13.77704682,467557999.7,Sweep
Trace_068.csv,-75.09845087,-88.48559322,13.38714235,467570690,Sweep
Trace_069.csv,-74.51908578,-87.85909605,13.34001027,467553769.5,Sweep
Trace_070.csv,-74.67796591,-88.15112994,13.47316403,467557999.7,Sweep
Trace_071.csv,-74.53330918,-88.19067797,13.65736879,467553769.5,Sweep
Trace_072.csv,-73.69189286,-87.23135593,13.53946308,467562229.8,Sweep
Trace_073.csv,-74.87078038,-88.7939548,13.92317442,467557999.7,Sweep
Trace_074.csv,-75.25831615,-88.37666667,13.11835052,467549539.4,Sweep
Trace_075.csv,-75.05224646,-88.97892655,13.9266801,467583380.4,Sweep
Trace_076.csv,-74.90778149,-88.47683616,13.56905466,467557999.7,Sweep
Trace_077.csv,-74.726375,-88.21983051,13.49345551,467562229.8,Sweep
Trace_078.csv,-74.64137856,-88.46644068,13.82506212,467562229.8,Sweep
Trace_079.csv,-74.76282511,-88.13310734,13.37028223,467562229.8,Sweep
Trace_080.csv,-73.84992018,-87.40847458,13.55855439,467549539.4,Sweep
Trace_081.csv,-74.38875824,-88.0239548,13.63519656,467557999.6,Sweep
Trace_082.csv,-74.99212087,-88.35288136,13.36076049,467557999.7,Sweep
Trace_083.csv,-74.28798378,-88.05338983,13.76540605,467545309.3,Sweep
Trace_084.csv,-75.25241307,-90.37677966,15.12436659,467566459.9,Sweep
Trace_085.csv,-74.05746479,-87.34717514,13.28971035,467579150.3,Sweep
Trace_086.csv,-74.6707135,-88.54971751,13.87900401,467541079.2,Sweep
Trace_087.csv,-75.24452009,-88.88638418,13.64186409,467562229.8,Sweep
Trace_088.csv,-74.0898307,-87.72689266,13.63706196,467579150.3,Sweep
Trace_089.csv,-74.58034014,-88.59491525,14.01457512,467541079.2,Sweep
Trace_090.csv,-75.10896437,-88.45559322,13.34662886,467562229.8,Sweep
Trace_091.csv,-74.68954895,-88.64474576,13.95519681,467570690,Sweep
Trace_092.csv,-74.32686073,-88.30045198,13.97359125,467528388.9,Sweep
Trace_093.csv,-74.42440873,-87.60548023,13.1810715,467549539.4,Sweep
Trace_094.csv,-74.69792842,-88.46220339,13.76427497,467566459.9,Sweep
Trace_095.csv,-75.28998884,-88.84819209,13.55820325,467579150.3,Sweep
Trace_096.csv,-74.00728199,-87.72949153,13.72220953,467587610.5,Sweep
Trace_097.csv,-74.58684564,-88.46937853,13.88253289,467566459.9,Sweep
Trace_098.csv,-75.21157718,-88.62559322,13.41401604,467566459.9,Sweep
Trace_099.csv,-74.67358093,-89.06016949,14.38658856,467557999.7,Sweep
Trace_100.csv,-74.72237327,-87.8979096,13.17553633,467553769.5,Sweep
Trace_001.csv,-64.38215889,-77.65926554,13.27710664,467553769.5,Sweep
Trace_002.csv,-72.3239819,-85.89259887,13.56861697,467557999.7,Sweep
Trace_003.csv,-72.99461878,-86.58333333,13.58871455,467553769.5,Sweep
Trace_004.csv,-73.24911263,-86.16440678,12.91529415,467557999.7,Sweep
Trace_005.csv,-72.03615116,-85.76180791,13.72565675,467570690,Sweep
Trace_006.csv,-72.48201586,-86.13553672,13.65352087,467545309.3,Sweep
Trace_007.csv,-73.38386697,-86.44169492,13.05782795,467570690,Sweep
Trace_008.csv,-71.91591667,-85.33909605,13.42317938,467557999.7,Sweep
Trace_009.csv,-73.23174431,-87.05062147,13.81887716,467553769.5,Sweep
Trace_010.csv,-73.52118568,-86.76152542,13.24033974,467553769.5,Sweep
Trace_011.csv,-72.35648402,-86.04440678,13.68792276,467566459.9,Sweep
Trace_012.csv,-72.97338445,-87.11096045,14.13757601,467562229.8,Sweep
Trace_013.csv,-73.67914474,-87.01966102,13.34051628,467557999.7,Sweep
Trace_014.csv,-72.25713134,-86.03355932,13.77642799,467562229.8,Sweep
Trace_015.csv,-72.65832558,-86.38446328,13.7261377,467557999.7,Sweep
Trace_016.csv,-73.64017778,-87.04141243,13.40123465,467566459.9,Sweep
Trace_017.csv,-72.30913734,-85.82576271,13.51662537,467536849.1,Sweep
Trace_018.csv,-73.22281216,-87.15276836,13.9299562,467562229.8,Sweep
Trace_019.csv,-73.45305776,-86.72186441,13.26880665,467553769.6,Sweep
Trace_020.csv,-72.11297203,-85.79836158,13.68538955,467549539.4,Sweep
Trace_021.csv,-72.86435429,-86.73084746,13.86649317,467566459.9,Sweep
Trace_022.csv,-73.50463194,-86.64830508,13.14367315,467549539.4,Sweep
Trace_023.csv,-71.93691415,-85.70361582,13.76670167,467566459.9,Sweep
Trace_024.csv,-72.75913774,-86.75649718,13.99735944,467545309.3,Sweep
Trace_025.csv,-73.66288671,-87.16293785,13.50005114,467557999.7,Sweep
Trace_026.csv,-71.72642773,-85.44079096,13.71436323,467579150.2,Sweep
Trace_027.csv,-73.10392779,-86.90824859,13.8043208,467557999.7,Sweep
Trace_028.csv,-73.35177329,-86.65915254,13.30737925,467570690,Sweep
Trace_029.csv,-73.27009836,-87.49485876,14.2247604,467562229.8,Sweep
Trace_030.csv,-72.60188073,-86.35265537,13.75077463,467570690,Sweep
Trace_031.csv,-73.8291863,-87.56824859,13.73906229,467553769.5,Sweep
Trace_032.csv,-73.22228448,-87.03519774,13.81291326,467553769.5,Sweep
Trace_033.csv,-73.21935841,-87.16389831,13.9445399,467562229.8,Sweep
Trace_034.csv,-73.31111864,-86.74870056,13.43758192,467549539.4,Sweep
Trace_035.csv,-73.25077336,-87.13768362,13.88691025,467570690,Sweep
Trace_036.csv,-72.72100793,-86.46638418,13.74537625,467536849.1,Sweep
Trace_037.csv,-73.2308656,-86.63463277,13.40376716,467562229.8,Sweep
Trace_038.csv,-73.23614967,-87.14740113,13.91125146,467545309.3,Sweep
Trace_039.csv,-72.87091941,-86.79977401,13.9288546,467553769.5,Sweep
Trace_040.csv,-72.66102445,-85.9840678,13.32304335,467562229.8,Sweep
Trace_041.csv,-73.22809267,-87.70028249,14.47218981,467524158.7,Sweep
Trace_042.csv,-73.05610206,-87.17440678,14.11830472,467583380.4,Sweep
Trace_043.csv,-72.45350515,-86.27909605,13.82559089,467553769.5,Sweep
Trace_044.csv,-73.22508753,-87.00372881,13.77864129,467574920.2,Sweep
Trace_045.csv,-73.56694878,-87.09909605,13.53214727,467553769.5,Sweep
Trace_046.csv,-72.37247399,-85.96378531,13.59131132,467562229.8,Sweep
Trace_047.csv,-73.38990323,-87.20564972,13.81574649,467536849.1,Sweep
Trace_048.csv,-73.89858378,-87.3040113,13.40542752,467557999.7,Sweep
Trace_049.csv,-72.36681208,-86.24632768,13.8795156,467566459.9,Sweep
Trace_050.csv,-73.06191537,-86.9959322,13.93401684,467566459.9,Sweep
Trace_051.csv,-73.34,-86.78887006,13.44887006,467574920.1,Sweep
Trace_052.csv,-72.49827076,-86.23915254,13.74088178,467574920.1,Sweep
Trace_053.csv,-72.88475706,-86.67508475,13.79032768,467562229.8,Sweep
Trace_054.csv,-73.29930078,-87.0119774,13.71267662,467545309.3,Sweep
Trace_055.csv,-73.69669913,-87.78446328,14.08776414,467570690,Sweep
Trace_056.csv,-73.44993421,-87.53101695,14.08108274,467570690,Sweep
Trace_057.csv,-73.75024625,-87.39293785,13.6426916,467587610.5,Sweep
Trace_058.csv,-72.98625137,-87.0379096,14.05165824,467566459.9,Sweep
Trace_059.csv,-72.72761062,-86.93033898,14.20272836,467557999.7,Sweep
Trace_060.csv,-73.22692393,-86.72016949,13.49324557,467557999.7,Sweep
Trace_061.csv,-73.01393534,-86.88254237,13.86860703,467545309.3,Sweep
Trace_062.csv,-73.90410811,-87.57412429,13.67001619,467570690,Sweep
Trace_063.csv,-72.02959658,-85.50361582,13.47401924,467562229.8,Sweep
Trace_064.csv,-73.12978632,-87.61694915,14.48716283,467545309.3,Sweep
Trace_065.csv,-73.53273446,-87.36050847,13.82777401,467532619,Sweep
Trace_066.csv,-72.10073256,-85.93129944,13.83056688,467562229.8,Sweep
Trace_067.csv,-72.67055491,-86.58531073,13.91475582,467557999.7,Sweep
Trace_068.csv,-73.29957796,-86.30361582,13.00403786,467557999.7,Sweep
Trace_069.csv,-73.39741398,-87.1659322,13.76851822,467557999.7,Sweep
Trace_070.csv,-73.10636161,-86.70016949,13.59380788,467570690,Sweep
Trace_071.csv,-72.94211217,-86.3079096,13.36579743,467570690,Sweep
Trace_072.csv,-73.20465169,-87.23892655,14.03427487,467570690,Sweep
Trace_073.csv,-73.6508764,-87.01146893,13.36059252,467541079.2,Sweep
Trace_074.csv,-72.39741745,-85.98418079,13.58676334,467557999.7,Sweep
Trace_075.csv,-73.22751387,-86.98502825,13.75751438,467536849.1,Sweep
Trace_076.csv,-73.63442922,-86.75293785,13.11850863,467562229.8,Sweep
Trace_077.csv,-71.94755078,-85.63983051,13.69227973,467532619,Sweep
Trace_078.csv,-73.06232222,-87.04429379,13.98197156,467562229.8,Sweep
Trace_079.csv,-73.17894417,-86.26615819,13.08721402,467557999.7,Sweep
Trace_080.csv,-73.32737668,-87.60028249,14.2729058,467549539.5,Sweep
Trace_081.csv,-72.67969799,-86.90813559,14.22843761,467549539.4,Sweep
Trace_082.csv,-72.31396005,-85.73265537,13.41869532,467553769.5,Sweep
Trace_083.csv,-71.70614444,-85.49446328,13.78831883,467557999.7,Sweep
Trace_084.csv,-72.28529666,-85.91423729,13.62894063,467574920.2,Sweep
Trace_085.csv,-70.46366474,-84.21836158,13.75469684,467524158.7,Sweep
Trace_086.csv,-71.86913136,-86.24502825,14.37589689,467549539.4,Sweep
Trace_087.csv,-71.76015766,-85.25943503,13.49927737,467570690,Sweep
Trace_088.csv,-72.08634172,-86.32508475,14.23874303,467562229.8,Sweep
Trace_089.csv,-71.6730761,-86.21813559,14.54505949,467562229.8,Sweep
Trace_090.csv,-71.63143019,-85.1639548,13.53252461,467549539.4,Sweep
Trace_091.csv,-72.13656388,-86.26683616,14.13027228,467545309.3,Sweep
Trace_092.csv,-72.11159609,-86.67112994,14.55953385,467566459.9,Sweep
Trace_093.csv,-71.29270762,-84.91779661,13.62508899,467553769.5,Sweep
Trace_094.csv,-71.84458564,-86.12305085,14.27846521,467545309.3,Sweep
Trace_095.csv,-72.88203644,-86.57361582,13.69157938,467562229.8,Sweep
Trace_096.csv,-71.21678135,-85.0240113,13.80722995,467549539.4,Sweep
Trace_097.csv,-71.87366778,-86.06389831,14.19023052,467583380.4,Sweep
Trace_098.csv,-72.74444323,-86.37881356,13.63437033,467570690,Sweep
Trace_099.csv,-72.2780973,-86.81305085,14.53495355,467562229.8,Sweep
Trace_100.csv,-71.99556781,-86.22864407,14.23307626,467562229.8,Sweep
Trace_001.csv,-56.92537341,-70.25943503,13.33406162,467549539.4,Sweep
Trace_002.csv,-69.34340038,-86.08531073,16.74191035,467553769.5,Sweep
Trace_003.csv,-66.32010011,-80.26107345,13.94097334,467553769.5,Sweep
Trace_004.csv,-67.30443956,-81.34344633,14.03900677,467566459.9,Sweep
Trace_005.csv,-67.88993385,-81.61559322,13.72565937,467557999.7,Sweep
Trace_006.csv,-66.40902857,-79.94971751,13.54068894,467566459.9,Sweep
Trace_007.csv,-67.26068736,-81.51841808,14.25773072,467553769.5,Sweep
Trace_008.csv,-67.99400651,-81.65367232,13.6596658,467557999.7,Sweep
Trace_009.csv,-66.63850867,-80.20135593,13.56284726,467549539.4,Sweep
Trace_010.csv,-70.22616346,-87.90610169,17.67993823,467562229.8,Sweep
Trace_011.csv,-68.16404185,-81.60169492,13.43765307,467545309.3,Sweep
Trace_012.csv,-67.02847126,-80.84745763,13.81898636,467553769.5,Sweep
Trace_013.csv,-68.18436242,-82.1740113,13.98964888,467566459.9,Sweep
Trace_014.csv,-68.40030201,-81.93553672,13.53523471,467570690,Sweep
Trace_015.csv,-67.88687366,-82.22242938,14.33555572,467557999.7,Sweep
Trace_016.csv,-68.14802186,-81.89237288,13.74435102,467549539.4,Sweep
Trace_017.csv,-68.33152339,-81.90073446,13.56921107,467553769.5,Sweep
Trace_018.csv,-69.04745118,-83.87271186,14.82526068,467549539.4,Sweep
Trace_019.csv,-67.32205269,-81.73056497,14.40851228,467562229.8,Sweep
Trace_020.csv,-69.10662486,-82.7139548,13.60732994,467553769.5,Sweep
Trace_021.csv,-68.64439608,-82.97112994,14.32673386,467574920.1,Sweep
Trace_022.csv,-68.49077005,-82.94350282,14.45273277,467553769.5,Sweep
Trace_023.csv,-69.10214518,-82.62463277,13.52248759,467562229.8,Sweep
Trace_024.csv,-68.98801296,-83.42977401,14.44176105,467532618.9,Sweep
Trace_025.csv,-69.1204189,-83.44435028,14.32393138,467557999.7,Sweep
Trace_026.csv,-68.91533762,-82.5340113,13.61867368,467549539.4,Sweep
Trace_027.csv,-68.76054025,-82.9159322,14.15539195,467524158.7,Sweep
Trace_028.csv,-68.40616812,-82.39627119,13.99010306,467566459.9,Sweep
Trace_029.csv,-68.68496175,-82.2199435,13.53498175,467553769.5,Sweep
Trace_030.csv,-68.76117453,-82.95169492,14.19052038,467574920.2,Sweep
Trace_031.csv,-68.87858511,-83.08418079,14.20559568,467566459.9,Sweep
Trace_032.csv,-68.69287762,-82.2620339,13.56915628,467541079.2,Sweep
Trace_033.csv,-69.36635307,-83.76553672,14.39918366,467570690,Sweep
Trace_034.csv,-69.19371991,-83.52514124,14.33142133,467579150.3,Sweep
Trace_035.csv,-69.60250559,-83.33022599,13.7277204,467557999.7,Sweep
Trace_036.csv,-69.5504712,-84.22225989,14.67178868,467532619,Sweep
Trace_037.csv,-68.82223195,-83.19610169,14.37386975,467549539.4,Sweep
Trace_038.csv,-68.84554696,-82.46090395,13.61535699,467562229.8,Sweep
Trace_039.csv,-69.87723953,-84.44480226,14.56756273,467570690,Sweep
Trace_040.csv,-70.35433404,-84.50638418,14.15205014,467557999.7,Sweep
Trace_041.csv,-70.08106312,-83.98954802,13.9084849,467549539.4,Sweep
Trace_042.csv,-70.45617807,-84.5400565,14.08387843,467553769.5,Sweep
Trace_043.csv,-70.56622863,-84.33265537,13.76642673,467566459.9,Sweep
Trace_044.csv,-69.11153499,-83.20242938,14.09089439,467562229.8,Sweep
Trace_045.csv,-70.03747001,-84.35909605,14.32162603,467553769.5,Sweep
Trace_046.csv,-70.42882968,-84.3059322,13.87710253,467562229.8,Sweep
Trace_047.csv,-68.30061644,-82.01062147,13.71000503,467549539.4,Sweep
Trace_048.csv,-70.24438386,-84.2840678,14.03968394,467553769.5,Sweep
Trace_049.csv,-70.51270419,-84.0139548,13.50125061,467549539.4,Sweep
Trace_050.csv,-69.4800663,-83.57338983,14.09332353,467541079.2,Sweep
Trace_051.csv,-69.96050538,-84.28858757,14.32808219,467549539.4,Sweep
Trace_052.csv,-70.26856517,-84.04045198,13.77188681,467553769.5,Sweep
Trace_053.csv,-70.73262658,-85.59531073,14.86268415,467562229.8,Sweep
Trace_054.csv,-70.66909751,-85.82519774,15.15610023,467566459.9,Sweep
Trace_055.csv,-72.01615813,-85.7960452,13.77988707,467570690,Sweep
Trace_056.csv,-71.43746597,-85.64282486,14.20535889,467541079.2,Sweep
Trace_057.csv,-71.10772979,-85.22728814,14.11955835,467566459.9,Sweep
Trace_058.csv,-71.05751701,-84.27090395,13.21338695,467562229.8,Sweep
Trace_059.csv,-71.30599789,-85.62084746,14.31484957,467557999.7,Sweep
Trace_060.csv,-71.70016043,-85.53858757,13.83842714,467553769.5,Sweep
Trace_061.csv,-70.31258488,-84.28587571,13.97329082,467557999.7,Sweep
Trace_062.csv,-70.41159516,-85.03056497,14.61896981,467553769.5,Sweep
Trace_063.csv,-71.24889241,-85.22310734,13.97421494,467557999.7,Sweep
Trace_064.csv,-69.57462637,-84.35045198,14.7758256,467557999.7,Sweep
Trace_065.csv,-70.61864804,-84.57367232,13.95502427,467545309.3,Sweep
Trace_066.csv,-71.17297735,-84.96378531,13.79080796,467549539.4,Sweep
Trace_067.csv,-71.08296727,-85.73548023,14.65251296,467570690,Sweep
Trace_068.csv,-70.69043716,-84.55983051,13.86939335,467579150.3,Sweep
Trace_069.csv,-70.79112323,-84.83039548,14.03927225,467557999.7,Sweep
Trace_070.csv,-70.39005405,-85.18056497,14.79051092,467549539.4,Sweep
Trace_071.csv,-71.24212121,-85.63338983,14.39126862,467562229.8,Sweep
Trace_072.csv,-70.54766968,-83.72276836,13.17509868,467566459.9,Sweep
Trace_073.csv,-71.0100528,-85.06853107,14.05847828,467570690,Sweep
Trace_074.csv,-71.37287419,-85.10067797,13.72780378,467557999.7,Sweep
Trace_075.csv,-69.70255708,-83.51418079,13.81162371,467557999.6,Sweep
Trace_076.csv,-70.72726981,-85.06734463,14.34007483,467557999.7,Sweep
Trace_077.csv,-71.18514563,-84.79858757,13.61344194,467545309.3,Sweep
Trace_078.csv,-69.69302222,-83.85903955,14.16601733,467549539.4,Sweep
Trace_079.csv,-70.43736383,-84.76655367,14.32918984,467553769.5,Sweep
Trace_080.csv,-70.96338411,-84.7899435,13.82655939,467562229.8,Sweep
Trace_081.csv,-70.69633475,-85.40079096,14.70445621,467566459.9,Sweep
Trace_082.csv,-70.58585526,-84.49677966,13.9109244,467557999.7,Sweep
Trace_083.csv,-69.99488941,-83.84740113,13.85251172,467532619,Sweep
Trace_084.csv,-70.82810458,-84.71446328,13.8863587,467562229.8,Sweep
Trace_085.csv,-71.45116402,-85.51983051,14.06866649,467557999.7,Sweep
Trace_086.csv,-70.02071267,-83.93135593,13.91064326,467566459.9,Sweep
Trace_087.csv,-70.59108626,-85.12559322,14.53450696,467557999.6,Sweep
Trace_088.csv,-71.42340812,-85.34265537,13.91924725,467566459.9,Sweep
Trace_089.csv,-69.78231116,-83.55887006,13.7765589,467549539.4,Sweep
Trace_090.csv,-70.63199143,-85.00745763,14.37546619,467574920.1,Sweep
Trace_091.csv,-70.86785637,-84.56033898,13.69248262,467557999.7,Sweep
Trace_092.csv,-70.56576307,-84.86734463,14.30158156,467541079.2,Sweep
Trace_093.csv,-70.5150216,-85.07372881,14.55870722,467557999.6,Sweep
Trace_094.csv,-70.53991285,-84.62502825,14.08511539,467545309.3,Sweep
Trace_095.csv,-71.19652632,-85.96887006,14.77234374,467545309.3,Sweep
Trace_096.csv,-71.56167914,-85.5420904,13.98041125,467557999.7,Sweep
Trace_097.csv,-69.85266963,-83.88327684,14.0306072,467583380.4,Sweep
Trace_098.csv,-70.6486413,-85.35587571,14.7072344,467536849.1,Sweep
Trace_099.csv,-70.93161749,-84.56299435,13.63137686,467541079.2,Sweep
Trace_100.csv,-70.53680128,-84.90322034,14.36641906,467553769.5,Sweep
Trace_001.csv,-71.82626354,-84.54011299,12.71384946,467557999.7,Sweep
Trace_002.csv,-80.25915789,-92.61920904,12.36005114,467557999.7,Sweep
Trace_003.csv,-80.33626156,-92.61638418,12.28012262,467553769.5,Sweep
Trace_004.csv,-79.94747712,-92.21875706,12.27127994,467562229.8,Sweep
Trace_005.csv,-80.16885526,-92.18830508,12.01944982,467562229.8,Sweep
Trace_006.csv,-80.33911258,-92.42525424,12.08614165,467557999.7,Sweep
Trace_007.csv,-79.9692247,-92.61440678,12.64518208,467553769.5,Sweep
Trace_008.csv,-80.04966234,-92.34079096,12.29112862,467562229.8,Sweep
Trace_009.csv,-80.15779432,-92.49033898,12.33254467,467566459.9,Sweep
Trace_010.csv,-80.11216456,-92.58728814,12.47512358,467562229.8,Sweep
Trace_011.csv,-80.0331871,-92.20502825,12.17184115,467562229.8,Sweep
Trace_012.csv,-80.20856734,-92.5500565,12.34148916,467562229.8,Sweep
Trace_013.csv,-79.74464714,-92.29056497,12.54591783,467553769.5,Sweep
Trace_014.csv,-80.6497707,-93.2820339,12.6322632,467557999.6,Sweep
Trace_015.csv,-80.61320805,-92.57497175,11.9617637,467562229.8,Sweep
Trace_016.csv,-79.83362667,-92.58762712,12.75400045,467557999.6,Sweep
Trace_017.csv,-80.43237971,-92.9919209,12.55954119,467566459.9,Sweep
Trace_018.csv,-80.22832127,-92.54689266,12.31857138,467553769.5,Sweep
Trace_019.csv,-79.84084125,-92.52898305,12.6881418,467570690,Sweep
Trace_020.csv,-80.4238089,-92.64875706,12.22494816,467566459.9,Sweep
Trace_021.csv,-80.65084525,-93.07350282,12.42265757,467583380.4,Sweep
Trace_022.csv,-80.20843792,-92.64542373,12.43698581,467553769.5,Sweep
Trace_023.csv,-80.15634338,-92.72242938,12.566086,467566459.9,Sweep
Trace_024.csv,-80.37210312,-92.82016949,12.44806637,467541079.2,Sweep
Trace_025.csv,-80.60819322,-92.94723164,12.33903841,467600300.8,Sweep
Trace_026.csv,-79.92092715,-92.60293785,12.6820107,467562229.8,Sweep
Trace_027.csv,-79.95030303,-92.32723164,12.37692861,467557999.7,Sweep
Trace_028.csv,-80.23454194,-92.70225989,12.46771795,467553769.5,Sweep
Trace_029.csv,-80.24759441,-92.43514124,12.18754684,467566459.9,Sweep
Trace_030.csv,-79.83328084,-92.22892655,12.39564571,467549539.4,Sweep
Trace_031.csv,-80.47547355,-92.8840678,12.40859424,467566459.9,Sweep
Trace_032.csv,-80.53650538,-93.10706215,12.57055677,467562229.8,Sweep
Trace_033.csv,-79.655427,-92.16949153,12.51406453,467536849.1,Sweep
Trace_034.csv,-80.30901617,-92.54079096,12.23177479,467553769.5,Sweep
Trace_035.csv,-80.43198864,-92.88853107,12.45654244,467566459.9,Sweep
Trace_036.csv,-79.84890933,-92.47276836,12.62385903,467562229.8,Sweep
Trace_037.csv,-80.32570292,-92.70028249,12.37457957,467570690,Sweep
Trace_038.csv,-80.54208835,-92.85463277,12.31254441,467566459.9,Sweep
Trace_039.csv,-81.08574144,-93.39689266,12.31115121,467557999.7,Sweep
Trace_040.csv,-80.06710997,-92.81,12.74289003,467557999.7,Sweep
Trace_041.csv,-80.4888172,-92.65096045,12.16214325,467562229.8,Sweep
Trace_042.csv,-80.24082999,-92.45632768,12.2154977,467574920.2,Sweep
Trace_043.csv,-80.24143949,-92.80576271,12.56432322,467557999.7,Sweep
Trace_044.csv,-80.06898148,-92.52446328,12.4554818,467557999.7,Sweep
Trace_045.csv,-80.5460928,-93.05158192,12.50548912,467536849,Sweep
Trace_046.csv,-80.32303644,-92.70305085,12.38001441,467557999.7,Sweep
Trace_047.csv,-79.71164474,-92.30327684,12.5916321,467579150.3,Sweep
Trace_048.csv,-80.18441524,-92.64785311,12.46343786,467566459.9,Sweep
Trace_049.csv,-80.5612533,-92.84384181,12.28258851,467579150.3,Sweep
Trace_050.csv,-80.07484962,-92.89163842,12.81678879,467557999.7,Sweep
Trace_051.csv,-80.3953758,-92.75429379,12.35891799,467557999.7,Sweep
Trace_052.csv,-80.35360324,-92.64016949,12.28656625,467566459.9,Sweep
Trace_053.csv,-80.31523871,-92.54225989,12.22702118,467553769.5,Sweep
Trace_054.csv,-79.88346966,-92.60728814,12.72381848,467570690,Sweep
Trace_055.csv,-80.18695172,-92.47553672,12.288585,467553769.5,Sweep
Trace_056.csv,-80.27900925,-92.82305085,12.5440416,467574920.2,Sweep
Trace_057.csv,-80.6133724,-92.85943503,12.24606263,467562229.8,Sweep
Trace_058.csv,-79.7263329,-92.53531073,12.80897783,467545309.3,Sweep
Trace_059.csv,-80.13303385,-92.56446328,12.43142942,467545309.3,Sweep
Trace_060.csv,-80.37546335,-92.89305085,12.5175875,467557999.7,Sweep
Trace_061.csv,-80.48504043,-92.91887006,12.43382963,467545309.3,Sweep
Trace_062.csv,-80.33962291,-92.91587571,12.5762528,467562229.8,Sweep
Trace_063.csv,-80.59362259,-92.98977401,12.39615142,467557999.7,Sweep
Trace_064.csv,-80.7324967,-93.23271186,12.50021517,467562229.8,Sweep
Trace_065.csv,-80.45165508,-92.71661017,12.26495509,467536849.1,Sweep
Trace_066.csv,-80.3247769,-92.89960452,12.57482762,467557999.7,Sweep
Trace_067.csv,-80.76948187,-93.26355932,12.49407746,467541079.2,Sweep
Trace_068.csv,-81.01117493,-93.34785311,12.33667817,467570690,Sweep
Trace_069.csv,-79.75765986,-92.17022599,12.41256612,467566459.9,Sweep
Trace_070.csv,-80.54408031,-93.07892655,12.53484624,467566459.9,Sweep
Trace_071.csv,-80.54664865,-92.71514124,12.16849259,467566459.9,Sweep
Trace_072.csv,-80.69913706,-92.97175141,12.27261436,467587610.5,Sweep
Trace_073.csv,-80.48863459,-93.01542373,12.52678914,467557999.7,Sweep
Trace_074.csv,-80.00157447,-92.47887006,12.47729559,467541079.2,Sweep
Trace_075.csv,-80.23315278,-93.00028249,12.76712971,467566459.9,Sweep
Trace_076.csv,-80.92554483,-92.90254237,11.97699755,467562229.8,Sweep
Trace_077.csv,-80.11546753,-92.90090395,12.78543642,467553769.6,Sweep
Trace_078.csv,-80.53344737,-93.03412429,12.50067693,467549539.4,Sweep
Trace_079.csv,-80.93980796,-93.03581921,12.09601125,467562229.8,Sweep
Trace_080.csv,-80.63792732,-92.98694915,12.34902183,467583380.4,Sweep
Trace_081.csv,-80.39409524,-93.08536723,12.69127199,467562229.8,Sweep
Trace_082.csv,-80.34896138,-92.70338983,12.35442845,467553769.5,Sweep
Trace_083.csv,-80.38492517,-92.99666667,12.6117415,467566459.9,Sweep
Trace_084.csv,-80.59363144,-92.78344633,12.18981489,467536849,Sweep
Trace_085.csv,-79.80186722,-92.27073446,12.46886724,467553769.5,Sweep
Trace_086.csv,-80.14394595,-92.31107345,12.1671275,467574920.1,Sweep
Trace_087.csv,-80.68726783,-92.72610169,12.03883386,467553769.5,Sweep
Trace_088.csv,-80.51837912,-92.72090395,12.20252483,467557999.6,Sweep
Trace_089.csv,-80.14946281,-92.32977401,12.1803112,467536849.1,Sweep
Trace_090.csv,-79.80157601,-92.29830508,12.49672907,467549539.4,Sweep
Trace_091.csv,-80.28350474,-92.56429379,12.28078905,467562229.8,Sweep
Trace_092.csv,-80.59307586,-92.89305085,12.29997499,467557999.7,Sweep
Trace_093.csv,-79.75452957,-92.54062147,12.7860919,467562229.8,Sweep
Trace_094.csv,-79.766173,-92.34338983,12.57721683,467566459.9,Sweep
Trace_095.csv,-80.35424566,-92.83694915,12.48270349,467557999.7,Sweep
Trace_096.csv,-79.8112125,-92.28892655,12.47771405,467566459.9,Sweep
Trace_097.csv,-80.44001259,-92.79745763,12.35744503,467557999.7,Sweep
Trace_098.csv,-79.40956463,-91.74485876,12.33529413,467570690,Sweep
Trace_099.csv,-80.00457106,-92.51361582,12.50904476,467566459.9,Sweep
Trace_100.csv,-80.3280615,-92.67146893,12.34340743,467570690,Sweep
Trace_001.csv,-71.71126478,-83.23785311,11.52658833,467562229.8,Gaussian
Trace_002.csv,-80.85321333,-95.47022599,14.61701266,467570690,Gaussian
Trace_003.csv,-80.50409091,-95.26028249,14.75619158,467566459.9,Gaussian
Trace_004.csv,-80.96998586,-95.10644068,14.13645482,467574920.2,Gaussian
Trace_005.csv,-80.97054201,-95.26129944,14.29075743,467557999.7,Gaussian
Trace_006.csv,-80.67328378,-95.15762712,14.48434333,467557999.7,Gaussian
Trace_007.csv,-80.6696832,-95.34932203,14.67963884,467562229.8,Gaussian
Trace_008.csv,-80.7698916,-95.29689266,14.52700106,467562229.8,Gaussian
Trace_009.csv,-80.59348587,-95.43322034,14.83973447,467557999.7,Gaussian
Trace_010.csv,-80.91738827,-95.47367232,14.55628405,467557999.7,Gaussian
Trace_011.csv,-80.97480959,-95.53423729,14.5594277,467570690,Gaussian
Trace_012.csv,-80.59825633,-95.37757062,14.77931429,467562229.8,Gaussian
Trace_013.csv,-80.64591865,-95.52570621,14.87978756,467562229.8,Gaussian
Trace_014.csv,-80.50948179,-95.41531073,14.90582894,467566459.9,Gaussian
Trace_015.csv,-80.94091031,-95.64480226,14.70389195,467566459.9,Gaussian
Trace_016.csv,-80.69516667,-95.30966102,14.61449435,467574920.2,Gaussian
Trace_017.csv,-80.34547718,-95.35977401,15.01429683,467566459.9,Gaussian
Trace_018.csv,-80.25369942,-95.54723164,15.29353222,467557999.6,Gaussian
Trace_019.csv,-80.52226331,-95.44915254,14.92688923,467557999.7,Gaussian
Trace_020.csv,-80.10234708,-95.27581921,15.17347213,467566459.9,Gaussian
Trace_021.csv,-80.22110783,-95.12491525,14.90380743,467579150.3,Gaussian
Trace_022.csv,-80.53821183,-95.76768362,15.22947179,467574920.1,Gaussian
Trace_023.csv,-80.73929849,-95.37875706,14.63945858,467570690,Gaussian
Trace_024.csv,-80.37088483,-95.1480791,14.77719426,467566459.9,Gaussian
Trace_025.csv,-80.58609562,-95.46355932,14.8774637,467553769.5,Gaussian
Trace_026.csv,-80.81398111,-95.09977401,14.2857929,467570690,Gaussian
Trace_027.csv,-80.58842466,-95.22028249,14.63185783,467562229.8,Gaussian
Trace_028.csv,-80.66142084,-95.19553672,14.53411588,467562229.8,Gaussian
Trace_029.csv,-80.93269122,-95.25683616,14.32414494,467553769.5,Gaussian
Trace_030.csv,-80.48981767,-95.03158192,14.54176425,467566459.9,Gaussian
Trace_031.csv,-80.4886351,-95.10463277,14.61599767,467570690,Gaussian
Trace_032.csv,-80.64934109,-94.83514124,14.18580016,467562229.8,Gaussian
Trace_033.csv,-80.16869737,-95.00864407,14.8399467,467566459.9,Gaussian
Trace_034.csv,-80.79711864,-95.42372881,14.62661017,467562229.8,Gaussian
Trace_035.csv,-80.13506073,-94.99751412,14.8624534,467553769.5,Gaussian
Trace_036.csv,-81.01342105,-95.51638418,14.50296313,467562229.8,Gaussian
Trace_037.csv,-80.78013908,-95.38141243,14.60127335,467566459.9,Gaussian
Trace_038.csv,-80.39670715,-95.35310734,14.95640019,467574920.2,Gaussian
Trace_039.csv,-80.84009669,-95.70881356,14.86871687,467549539.4,Gaussian
Trace_040.csv,-80.94271141,-95.63677966,14.69406825,467566459.9,Gaussian
Trace_041.csv,-80.62180707,-95.47418079,14.85237373,467562229.8,Gaussian
Trace_042.csv,-80.85478261,-95.33039548,14.47561287,467566459.9,Gaussian
Trace_043.csv,-80.60516997,-95.25497175,14.64980178,467566459.9,Gaussian
Trace_044.csv,-81.07121984,-95.73361582,14.66239598,467557999.7,Gaussian
Trace_045.csv,-80.39558824,-95.16887006,14.77328182,467557999.7,Gaussian
Trace_046.csv,-80.73265396,-95.30689266,14.5742387,467553769.5,Gaussian
Trace_047.csv,-80.91523617,-95.40056497,14.4853288,467570690,Gaussian
Trace_048.csv,-80.00955983,-95.22717514,15.21761531,467562229.8,Gaussian
Trace_049.csv,-79.95981844,-95.21661017,15.25679173,467557999.7,Gaussian
Trace_050.csv,-80.08916193,-95.16768362,15.07852168,467557999.7,Gaussian
Trace_051.csv,-81.2655663,-95.6140678,14.3485015,467579150.3,Gaussian
Trace_052.csv,-80.91557981,-95.42293785,14.50735804,467549539.4,Gaussian
Trace_053.csv,-81.78070932,-96.0320339,14.25132458,467579150.3,Gaussian
Trace_054.csv,-80.63122682,-95.50971751,14.8784907,467562229.8,Gaussian
Trace_055.csv,-81.89112518,-95.83305085,13.94192567,467553769.5,Gaussian
Trace_056.csv,-80.59310773,-95.41293785,14.81983012,467557999.6,Gaussian
Trace_057.csv,-80.71984615,-95.44310734,14.72326119,467545309.3,Gaussian
Trace_058.csv,-80.60704545,-95.35175141,14.74470596,467574920.1,Gaussian
Trace_059.csv,-81.54583095,-95.47689266,13.93106171,467570690,Gaussian
Trace_060.csv,-80.56285914,-95.31887006,14.75601092,467566459.9,Gaussian
Trace_061.csv,-80.52682997,-95.39949153,14.87266155,467566459.9,Gaussian
Trace_062.csv,-80.96110041,-94.98384181,14.0227414,467557999.7,Gaussian
Trace_063.csv,-81.18350487,-95.73322034,14.54971547,467566459.9,Gaussian
Trace_064.csv,-80.58682517,-95.02954802,14.44272285,467570690,Gaussian
Trace_065.csv,-80.65230878,-95.6120339,14.95972512,467562229.8,Gaussian
Trace_066.csv,-81.28341789,-95.89129944,14.60788154,467562229.8,Gaussian
Trace_067.csv,-79.94775766,-95.4059322,15.45817454,467570690,Gaussian
Trace_068.csv,-80.69631653,-95.65954802,14.9632315,467553769.5,Gaussian
Trace_069.csv,-80.21034074,-95.7140113,15.50367056,467557999.7,Gaussian
Trace_070.csv,-81.04393007,-95.7920904,14.74816033,467562229.8,Gaussian
Trace_071.csv,-80.32826277,-95.42231638,15.09405361,467557999.7,Gaussian
Trace_072.csv,-80.84541029,-95.38435028,14.53893999,467566459.9,Gaussian
Trace_073.csv,-80.45471264,-95.5020904,15.04737775,467553769.5,Gaussian
Trace_074.csv,-80.18076246,-95.40870056,15.2279381,467570690,Gaussian
Trace_075.csv,-80.30011662,-95.45932203,15.15920542,467566459.9,Gaussian
Trace_076.csv,-80.73428375,-95.40525424,14.67097049,467557999.7,Gaussian
Trace_077.csv,-80.22369748,-95.30610169,15.08240422,467562229.8,Gaussian
Trace_078.csv,-80.7264,-95.42615819,14.69975819,467557999.7,Gaussian
Trace_079.csv,-81.35048276,-95.5440113,14.19352854,467562229.8,Gaussian
Trace_080.csv,-80.05932534,-95.19276836,15.13344302,467570690,Gaussian
Trace_081.csv,-80.54291785,-95.37548023,14.83256238,467562229.8,Gaussian
Trace_082.csv,-80.24129526,-95.27265537,15.0313601,467566459.9,Gaussian
Trace_083.csv,-80.5286202,-94.98824859,14.45962839,467566459.9,Gaussian
Trace_084.csv,-80.22966667,-95.10248588,14.87281921,467562229.8,Gaussian
Trace_085.csv,-81.40392442,-95.51700565,14.11308123,467570690,Gaussian
Trace_086.csv,-80.9971875,-95.52751412,14.53032662,467566459.9,Gaussian
Trace_087.csv,-80.8674094,-95.52949153,14.66208213,467562229.8,Gaussian
Trace_088.csv,-80.51759831,-95.53418079,15.01658248,467562229.8,Gaussian
Trace_089.csv,-81.09194823,-95.55180791,14.45985968,467566459.9,Gaussian
Trace_090.csv,-80.44149233,-95.49581921,15.05432688,467566459.9,Gaussian
Trace_091.csv,-80.51920567,-95.46497175,14.94576608,467562229.8,Gaussian
Trace_092.csv,-81.24263689,-95.90028249,14.6576456,467566459.9,Gaussian
Trace_093.csv,-80.58090652,-95.41649718,14.83559066,467570690,Gaussian
Trace_094.csv,-80.59268678,-95.38779661,14.79510983,467557999.7,Gaussian
Trace_095.csv,-80.16771709,-95.23050847,15.06279139,467566459.9,Gaussian
Trace_096.csv,-80.59248097,-95.42282486,14.83034388,467549539.4,Gaussian
Trace_097.csv,-81.99464286,-95.89564972,13.90100686,467566459.9,Gaussian
Trace_098.csv,-80.85032532,-95.46734463,14.61701931,467566459.9,Gaussian
Trace_099.csv,-80.61284153,-95.52954802,14.91670649,467566459.9,Gaussian
Trace_100.csv,-80.63779133,-95.51480226,14.87701093,467557999.7,Gaussian
Trace_001.csv,-70.26018519,-81.43644068,11.17625549,467562229.8,Gaussian
Trace_002.csv,-80.05650667,-95.43751412,15.38100746,467566459.9,Gaussian
Trace_003.csv,-79.44497297,-95.19050847,15.7455355,467570690,Gaussian
Trace_004.csv,-79.49974565,-95.32898305,15.8292374,467579150.3,Gaussian
Trace_005.csv,-79.70842033,-95.29649718,15.58807685,467545309.3,Gaussian
Trace_006.csv,-79.85165746,-95.2739548,15.42229734,467553769.5,Gaussian
Trace_007.csv,-79.60428966,-95.37107345,15.76678379,467553769.5,Gaussian
Trace_008.csv,-79.7880303,-95.26141243,15.47338213,467553769.5,Gaussian
Trace_009.csv,-79.66090153,-95.1780791,15.51717757,467566459.9,Gaussian
Trace_010.csv,-78.95556911,-95.25062147,16.29505236,467557999.7,Gaussian
Trace_011.csv,-78.88216735,-95.31288136,16.430714,467557999.7,Gaussian
Trace_012.csv,-79.35729917,-95.30937853,15.95207936,467549539.4,Gaussian
Trace_013.csv,-80.43006658,-95.51677966,15.08671308,467562229.8,Gaussian
Trace_014.csv,-79.26943526,-95.09768362,15.82824835,467557999.7,Gaussian
Trace_015.csv,-79.37204748,-95.01073446,15.63868699,467562229.8,Gaussian
Trace_016.csv,-79.5897551,-95.2479096,15.6581545,467562229.8,Gaussian
Trace_017.csv,-79.24013514,-95.17830508,15.93816995,467549539.4,Gaussian
Trace_018.csv,-79.7740292,-95.53276836,15.75873916,467566459.9,Gaussian
Trace_019.csv,-79.14389045,-95.26288136,16.11899091,467562229.8,Gaussian
Trace_020.csv,-79.76292398,-95.29355932,15.53063535,467566459.9,Gaussian
Trace_021.csv,-79.79611111,-95.38581921,15.5897081,467549539.4,Gaussian
Trace_022.csv,-80.20100968,-95.45033898,15.2493293,467579150.2,Gaussian
Trace_023.csv,-78.94945607,-94.87361582,15.92415975,467566459.9,Gaussian
Trace_024.csv,-79.22036671,-95.30384181,16.08347509,467566459.9,Gaussian
Trace_025.csv,-79.32160112,-95.06101695,15.73941583,467574920.1,Gaussian
Trace_026.csv,-79.26222695,-95.06276836,15.80054141,467562229.8,Gaussian
Trace_027.csv,-80.10299862,-95.53960452,15.4366059,467562229.8,Gaussian
Trace_028.csv,-79.33382979,-95.22677966,15.89294987,467562229.8,Gaussian
Trace_029.csv,-79.06791429,-95.1479096,16.07999532,467570690,Gaussian
Trace_030.csv,-78.65130556,-95.1220339,16.47072834,467562229.8,Gaussian
Trace_031.csv,-78.77872159,-95.01186441,16.23314282,467553769.5,Gaussian
Trace_032.csv,-79.05122117,-95.07265537,16.0214342,467553769.5,Gaussian
Trace_033.csv,-79.55374644,-95.51310734,15.95936091,467562229.8,Gaussian
Trace_034.csv,-79.26268258,-95.46418079,16.20149821,467566459.9,Gaussian
Trace_035.csv,-79.35726608,-95.49440678,16.1371407,467553769.5,Gaussian
Trace_036.csv,-79.76608321,-95.36056497,15.59448176,467574920.2,Gaussian
Trace_037.csv,-79.83744249,-95.29,15.45255751,467562229.8,Gaussian
Trace_038.csv,-79.32646006,-95.20491525,15.8784552,467570690,Gaussian
Trace_039.csv,-80.4504898,-95.43084746,14.98035766,467557999.7,Gaussian
Trace_040.csv,-79.43522949,-95.46378531,16.02855583,467562229.8,Gaussian
Trace_041.csv,-79.63097458,-95.5580226,15.92704802,467562229.8,Gaussian
Trace_042.csv,-79.982103,-95.46757062,15.48546762,467553769.5,Gaussian
Trace_043.csv,-79.54919942,-95.39039548,15.84119606,467562229.8,Gaussian
Trace_044.csv,-79.45174648,-95.31073446,15.85898798,467545309.3,Gaussian
Trace_045.csv,-80.16735632,-95.55378531,15.38642899,467579150.3,Gaussian
Trace_046.csv,-79.2427762,-95.19661017,15.95383397,467570690,Gaussian
Trace_047.csv,-80.5399723,-95.61485876,15.07488646,467553769.5,Gaussian
Trace_048.csv,-79.40915929,-95.32101695,15.91185766,467562229.8,Gaussian
Trace_049.csv,-79.06727273,-95.37966102,16.31238829,467566459.9,Gaussian
Trace_050.csv,-79.43457103,-95.14299435,15.70842332,467562229.8,Gaussian
Trace_051.csv,-79.85646154,-95.45723164,15.6007701,467574920.1,Gaussian
Trace_052.csv,-80.77836735,-95.75717514,14.97880779,467541079.2,Gaussian
Trace_053.csv,-79.70635229,-95.35090395,15.64455167,467549539.4,Gaussian
Trace_054.csv,-80.22078378,-95.68892655,15.46814277,467566459.9,Gaussian
Trace_055.csv,-79.83826149,-95.30610169,15.4678402,467557999.7,Gaussian
Trace_056.csv,-79.40813656,-95.42135593,16.01321937,467562229.8,Gaussian
Trace_057.csv,-79.03415038,-95.20446328,16.1703129,467570690,Gaussian
Trace_058.csv,-79.85712951,-95.80118644,15.94405693,467557999.7,Gaussian
Trace_059.csv,-80.12025105,-95.51683616,15.39658511,467566459.9,Gaussian
Trace_060.csv,-80.11295736,-95.41514124,15.30218388,467566459.9,Gaussian
Trace_061.csv,-79.172879,-95.17632768,16.00344869,467579150.3,Gaussian
Trace_062.csv,-79.95094851,-95.67971751,15.728769,467562229.8,Gaussian
Trace_063.csv,-79.76182997,-95.53853107,15.7767011,467553769.5,Gaussian
Trace_064.csv,-79.36264234,-95.08491525,15.72227292,467570690,Gaussian
Trace_065.csv,-79.69656944,-95.49135593,15.79478649,467570690,Gaussian
Trace_066.csv,-79.67247826,-95.32480226,15.652324,467562229.8,Gaussian
Trace_067.csv,-79.45276567,-95.4539548,16.00118913,467570690,Gaussian
Trace_068.csv,-79.56165722,-95.01683616,15.45517893,467557999.6,Gaussian
Trace_069.csv,-79.75870833,-95.40288136,15.64417302,467566459.9,Gaussian
Trace_070.csv,-79.35951321,-95.20028249,15.84076927,467541079.2,Gaussian
Trace_071.csv,-79.41320783,-95.15881356,15.74560573,467553769.5,Gaussian
Trace_072.csv,-78.71106782,-95.19446328,16.48339546,467562229.8,Gaussian
Trace_073.csv,-79.20253989,-95.22683616,16.02429626,467557999.7,Gaussian
Trace_074.csv,-80.30971056,-95.82830508,15.51859452,467566459.9,Gaussian
Trace_075.csv,-79.78872011,-95.52531073,15.73659062,467570690,Gaussian
Trace_076.csv,-79.56910765,-95.43677966,15.86767201,467574920.1,Gaussian
Trace_077.csv,-79.89268895,-95.4479096,15.55522065,467566459.9,Gaussian
Trace_078.csv,-79.49230337,-95.06316384,15.57086047,467549539.4,Gaussian
Trace_079.csv,-79.78748538,-95.29497175,15.50748637,467553769.5,Gaussian
Trace_080.csv,-79.12601983,-95.14463277,16.01861294,467566459.9,Gaussian
Trace_081.csv,-80.02213296,-95.5080226,15.48588963,467562229.8,Gaussian
Trace_082.csv,-79.6200137,-95.34254237,15.72252867,467562229.8,Gaussian
Trace_083.csv,-79.18662281,-95.43355932,16.24693652,467574920.1,Gaussian
Trace_084.csv,-79.63081744,-95.30892655,15.67810911,467562229.8,Gaussian
Trace_085.csv,-79.97733703,-95.33774011,15.36040308,467553769.5,Gaussian
Trace_086.csv,-79.26647462,-94.85909605,15.59262142,467562229.8,Gaussian
Trace_087.csv,-80.4972409,-95.51677966,15.01953876,467557999.7,Gaussian
Trace_088.csv,-79.5659134,-95.13717514,15.57126174,467557999.7,Gaussian
Trace_089.csv,-80.11121951,-95.58429379,15.47307427,467545309.3,Gaussian
Trace_090.csv,-79.38192308,-95.17638418,15.7944611,467545309.3,Gaussian
Trace_091.csv,-79.89825333,-95.44954802,15.55129469,467545309.3,Gaussian
Trace_092.csv,-79.46615495,-95.28858757,15.82243262,467570690,Gaussian
Trace_093.csv,-79.08573003,-94.94610169,15.86037167,467557999.7,Gaussian
Trace_094.csv,-79.53795918,-95.24751412,15.70955494,467566459.9,Gaussian
Trace_095.csv,-79.31576758,-95.13649718,15.8207296,467562229.8,Gaussian
Trace_096.csv,-79.87290883,-95.43350282,15.560594,467566459.9,Gaussian
Trace_097.csv,-79.91657064,-95.44717514,15.5306045,467570690,Gaussian
Trace_098.csv,-79.37748232,-95.4040113,16.02652898,467545309.3,Gaussian
Trace_099.csv,-79.28581897,-95.34779661,16.06197764,467557999.7,Gaussian
Trace_100.csv,-80.03216066,-95.48564972,15.45348905,467570690,Gaussian
Trace_001.csv,-64.76955224,-75.57361582,10.80406358,467557999.7,Gaussian
Trace_002.csv,-77.87185754,-95.45548023,17.58362268,467583380.4,Gaussian
Trace_003.csv,-78.70864052,-95.5619209,16.85328038,467557999.6,Gaussian
Trace_004.csv,-77.88097855,-95.19435028,17.31337173,467566459.9,Gaussian
Trace_005.csv,-77.84898827,-94.86514124,17.01615297,467587610.5,Gaussian
Trace_006.csv,-78.19880231,-95.3619209,17.1631186,467570690,Gaussian
Trace_007.csv,-78.10560166,-95.25661017,17.15100851,467557999.7,Gaussian
Trace_008.csv,-78.44606725,-95.59118644,17.14511919,467553769.5,Gaussian
Trace_009.csv,-78.0458311,-95.83333333,17.78750223,467566459.9,Gaussian
Trace_010.csv,-78.63491304,-95.43887006,16.80395701,467557999.6,Gaussian
Trace_011.csv,-77.90508547,-95.16875706,17.26367159,467566459.9,Gaussian
Trace_012.csv,-77.99592391,-95.38661017,17.39068626,467566459.9,Gaussian
Trace_013.csv,-79.05878788,-96.26576271,17.20697483,467562229.8,Gaussian
Trace_014.csv,-76.79871942,-94.96542373,18.1667043,467549539.4,Gaussian
Trace_015.csv,-77.50384292,-95.17310734,17.66926443,467570690,Gaussian
Trace_016.csv,-77.5461348,-95.04276836,17.49663356,467553769.5,Gaussian
Trace_017.csv,-77.31765648,-95.22887006,17.91121358,467553769.5,Gaussian
Trace_018.csv,-78.10154596,-95.54372881,17.44218285,467570690,Gaussian
Trace_019.csv,-77.33691092,-95.1860452,17.84913428,467553769.5,Gaussian
Trace_020.csv,-78.66466667,-95.6779096,17.01324294,467562229.8,Gaussian
Trace_021.csv,-77.92651578,-95.55451977,17.628004,467587610.5,Gaussian
Trace_022.csv,-78.03904225,-95.56711864,17.52807639,467562229.8,Gaussian
Trace_023.csv,-78.21824034,-95.38118644,17.1629461,467562229.8,Gaussian
Trace_024.csv,-79.04400273,-95.86514124,16.82113851,467566459.9,Gaussian
Trace_025.csv,-77.61385989,-94.99638418,17.38252429,467553769.5,Gaussian
Trace_026.csv,-78.38034388,-95.30966102,16.92931714,467566459.9,Gaussian
Trace_027.csv,-78.18630194,-95.45903955,17.27273761,467557999.7,Gaussian
Trace_028.csv,-77.86026243,-95.24548023,17.3852178,467545309.3,Gaussian
Trace_029.csv,-77.79328105,-95.37344633,17.58016528,467541079.2,Gaussian
Trace_030.csv,-78.37086207,-95.35988701,16.98902494,467553769.5,Gaussian
Trace_031.csv,-77.63798246,-95.02774011,17.38975766,467583380.4,Gaussian
Trace_032.csv,-77.75526158,-95.35553672,17.60027514,467557999.7,Gaussian
Trace_033.csv,-77.93472973,-95.55706215,17.62233242,467574920.1,Gaussian
Trace_034.csv,-77.98615169,-95.22096045,17.23480877,467570690,Gaussian
Trace_035.csv,-77.96769452,-95.42677966,17.45908514,467566459.9,Gaussian
Trace_036.csv,-78.25,-95.62824859,17.37824859,467553769.5,Gaussian
Trace_037.csv,-78.32038748,-95.49689266,17.17650517,467549539.4,Gaussian
Trace_038.csv,-78.12757656,-95.39728814,17.26971157,467579150.3,Gaussian
Trace_039.csv,-78.67062169,-95.74282486,17.07220317,467574920.2,Gaussian
Trace_040.csv,-78.92451009,-95.27,16.34548991,467587610.5,Gaussian
Trace_041.csv,-78.17222222,-95.41468927,17.24246704,467566459.9,Gaussian
Trace_042.csv,-77.76342254,-95.40276836,17.63934583,467566459.9,Gaussian
Trace_043.csv,-77.36347107,-95.41559322,18.05212215,467574920.1,Gaussian
Trace_044.csv,-77.89282967,-95.94090395,18.04807428,467557999.7,Gaussian
Trace_045.csv,-77.67474892,-95.33169492,17.65694599,467566459.9,Gaussian
Trace_046.csv,-77.89364539,-95.35824859,17.4646032,467566459.9,Gaussian
Trace_047.csv,-77.73369357,-95.47045198,17.73675841,467570690,Gaussian
Trace_048.csv,-77.22740849,-95.1040113,17.87660281,467557999.7,Gaussian
Trace_049.csv,-78.6000135,-95.68971751,17.08970402,467553769.5,Gaussian
Trace_050.csv,-78.45214765,-95.42163842,16.96949077,467579150.2,Gaussian
Trace_051.csv,-77.89825036,-95.28581921,17.38756885,467566459.9,Gaussian
Trace_052.csv,-77.68481371,-95.39096045,17.70614674,467545309.3,Gaussian
Trace_053.csv,-78.16574438,-95.67898305,17.51323867,467557999.7,Gaussian
Trace_054.csv,-77.46741429,-95.32723164,17.85981735,467562229.8,Gaussian
Trace_055.csv,-77.30764384,-95.23186441,17.92422057,467557999.6,Gaussian
Trace_056.csv,-77.62692418,-95.29067797,17.66375379,467570690,Gaussian
Trace_057.csv,-78.61790026,-95.66056497,17.04266471,467570690,Gaussian
Trace_058.csv,-78.01526749,-95.35661017,17.34134268,467553769.5,Gaussian
Trace_059.csv,-77.50083906,-95.00564972,17.50481065,467549539.4,Gaussian
Trace_060.csv,-78.32659187,-95.43536723,17.10877537,467549539.4,Gaussian
Trace_061.csv,-78.57422475,-95.60502825,17.0308035,467545309.3,Gaussian
Trace_062.csv,-78.74388175,-95.71361582,16.96973407,467562229.8,Gaussian
Trace_063.csv,-78.37947368,-95.45468927,17.07521558,467574920.2,Gaussian
Trace_064.csv,-78.41842681,-95.24548023,16.82705341,467579150.3,Gaussian
Trace_065.csv,-78.70092448,-95.40813559,16.70721111,467557999.7,Gaussian
Trace_066.csv,-77.17803051,-95.06937853,17.89134802,467557999.7,Gaussian
Trace_067.csv,-78.0499349,-95.38457627,17.33464138,467562229.8,Gaussian
Trace_068.csv,-78.07647453,-95.22186441,17.14538988,467579150.3,Gaussian
Trace_069.csv,-78.01428571,-95.18463277,17.17034705,467545309.3,Gaussian
Trace_070.csv,-78.5041094,-95.1879661,16.6838567,467562229.8,Gaussian
Trace_071.csv,-78.1855226,-95.34830508,17.16278249,467583380.4,Gaussian
Trace_072.csv,-78.59101333,-95.46305085,16.87203751,467553769.5,Gaussian
Trace_073.csv,-78.359362,-95.46344633,17.10408433,467553769.5,Gaussian
Trace_074.csv,-78.2058478,-95.38333333,17.17748554,467536849,Gaussian
Trace_075.csv,-77.67480106,-95.15028249,17.47548142,467566459.9,Gaussian
Trace_076.csv,-78.4679694,-95.32384181,16.85587241,467566459.9,Gaussian
Trace_077.csv,-78.50312339,-95.72344633,17.22032293,467557999.7,Gaussian
Trace_078.csv,-77.88854972,-94.84694915,16.95839943,467566459.9,Gaussian
Trace_079.csv,-77.60527066,-95.39621469,17.79094403,467566459.9,Gaussian
Trace_080.csv,-77.80862937,-95.38435028,17.57572091,467553769.5,Gaussian
Trace_081.csv,-77.67090541,-95.18655367,17.51564827,467570690,Gaussian
Trace_082.csv,-78.24080395,-95.34954802,17.10874407,467574920.2,Gaussian
Trace_083.csv,-78.81699717,-95.57649718,16.75950001,467557999.7,Gaussian
Trace_084.csv,-78.34292047,-95.39813559,17.05521512,467553769.5,Gaussian
Trace_085.csv,-78.75891632,-95.0839548,16.32503848,467574920.1,Gaussian
Trace_086.csv,-78.50861438,-94.97367232,16.46505794,467557999.6,Gaussian
Trace_087.csv,-78.10849673,-95.06610169,16.95760496,467566459.9,Gaussian
Trace_088.csv,-78.14873995,-95.19559322,17.04685327,467562229.8,Gaussian
Trace_089.csv,-77.3250904,-94.90480226,17.57971186,467545309.3,Gaussian
Trace_090.csv,-78.20570605,-95.49615819,17.29045214,467557999.7,Gaussian
Trace_091.csv,-78.93092352,-95.47073446,16.53981094,467570690,Gaussian
Trace_092.csv,-79.08990679,-95.50519774,16.41529095,467562229.8,Gaussian
Trace_093.csv,-79.03343324,-95.2720904,16.23865715,467566459.9,Gaussian
Trace_094.csv,-78.83960894,-95.53322034,16.6936114,467562229.8,Gaussian
Trace_095.csv,-78.52477793,-95.20169492,16.67691699,467545309.3,Gaussian
Trace_096.csv,-78.38211207,-95.62310734,17.24099528,467562229.8,Gaussian
Trace_097.csv,-78.75320442,-95.6220339,16.86882948,467570690,Gaussian
Trace_098.csv,-77.98932796,-95.37644068,17.38711272,467562229.8,Gaussian
Trace_099.csv,-78.83059722,-95.81892655,16.98832933,467557999.7,Gaussian
Trace_100.csv,-79.17847185,-95.66813559,16.48966374,467570690,Gaussian
Trace_001.csv,-63.5232967,-74.68338983,11.16009313,467549539.4,Gaussian
Trace_002.csv,-77.09101813,-95.35468927,18.26367113,467562229.8,Gaussian
Trace_003.csv,-76.37428762,-95.13502825,18.76074063,467562229.8,Gaussian
Trace_004.csv,-76.94792908,-95.25141243,18.30348335,467557999.6,Gaussian
Trace_005.csv,-77.60073654,-95.5679661,17.96722956,467541079.2,Gaussian
Trace_006.csv,-76.24065642,-95.38785311,19.14719668,467574920.1,Gaussian
Trace_007.csv,-77.17835841,-95.38474576,18.20638735,467566459.9,Gaussian
Trace_008.csv,-76.65484182,-95.18384181,18.52899999,467570690,Gaussian
Trace_009.csv,-76.91540616,-95.30225989,18.38685372,467557999.7,Gaussian
Trace_010.csv,-77.28568345,-95.86734463,18.58166118,467566459.9,Gaussian
Trace_011.csv,-76.52794034,-95.42502825,18.89708791,467553769.5,Gaussian
Trace_012.csv,-77.28172603,-95.43847458,18.15674855,467541079.2,Gaussian
Trace_013.csv,-77.40305476,-95.57689266,18.1738379,467574920.2,Gaussian
Trace_014.csv,-76.97192521,-95.30073446,18.32880926,467549539.4,Gaussian
Trace_015.csv,-76.94320548,-95.63225989,18.68905441,467570690,Gaussian
Trace_016.csv,-76.46452017,-95.34853107,18.88401091,467519928.6,Gaussian
Trace_017.csv,-78.16974934,-95.71079096,17.54104162,467553769.5,Gaussian
Trace_018.csv,-78.01559033,-95.53564972,17.52005939,467557999.6,Gaussian
Trace_019.csv,-77.54773098,-95.51954802,17.97181704,467570690,Gaussian
Trace_020.csv,-77.21569546,-95.2980791,18.08238363,467545309.3,Gaussian
Trace_021.csv,-76.542627,-95.33146893,18.78884193,467574920.1,Gaussian
Trace_022.csv,-76.12039716,-95.31225989,19.19186272,467553769.5,Gaussian
Trace_023.csv,-77.13985549,-95.51372881,18.37387332,467570690,Gaussian
Trace_024.csv,-76.74050704,-95.23118644,18.4906794,467562229.8,Gaussian
Trace_025.csv,-78.51938692,-95.79231638,17.27292946,467536849.1,Gaussian
Trace_026.csv,-76.76142442,-95.40440678,18.64298236,467532619,Gaussian
Trace_027.csv,-76.94618847,-95.43548023,18.48929176,467574920.2,Gaussian
Trace_028.csv,-76.95853901,-95.38096045,18.42242144,467562229.8,Gaussian
Trace_029.csv,-77.05011527,-95.35988701,18.30977173,467583380.4,Gaussian
Trace_030.csv,-76.80252555,-95.29124294,18.48871739,467583380.4,Gaussian
Trace_031.csv,-76.59313725,-95.0199435,18.42680625,467562229.8,Gaussian
Trace_032.csv,-77.4134153,-95.61661017,18.20319487,467562229.8,Gaussian
Trace_033.csv,-76.31368276,-95.1140113,18.80032854,467583380.4,Gaussian
Trace_034.csv,-76.74668061,-95.38468927,18.63800865,467574920.1,Gaussian
Trace_035.csv,-77.1918117,-95.4040113,18.2121996,467545309.3,Gaussian
Trace_036.csv,-76.83156069,-95.52372881,18.69216812,467587610.5,Gaussian
Trace_037.csv,-76.12271817,-95.23870056,19.1159824,467562229.8,Gaussian
Trace_038.csv,-76.4184509,-95.24299435,18.82454345,467566459.9,Gaussian
Trace_039.csv,-76.91247566,-95.55305085,18.64057519,467557999.7,Gaussian
Trace_040.csv,-75.66548159,-95.17282486,19.50734327,467583380.4,Gaussian
Trace_041.csv,-76.15463347,-95.4459887,19.29135523,467566459.9,Gaussian
Trace_042.csv,-75.99530973,-95.3640678,19.36875806,467557999.7,Gaussian
Trace_043.csv,-76.11716138,-95.52525424,19.40809285,467549539.4,Gaussian
Trace_044.csv,-77.15623596,-95.77915254,18.62291659,467553769.5,Gaussian
Trace_045.csv,-76.72159722,-95.74610169,19.02450447,467566459.9,Gaussian
Trace_046.csv,-75.79648368,-95.27435028,19.4778666,467562229.8,Gaussian
Trace_047.csv,-76.69515602,-95.48632768,18.79117167,467557999.7,Gaussian
Trace_048.csv,-76.76445652,-95.59508475,18.83062822,467557999.7,Gaussian
Trace_049.csv,-76.84959072,-95.3920904,18.54249967,467528388.8,Gaussian
Trace_050.csv,-75.82771812,-94.54350282,18.7157847,467557999.7,Gaussian
Trace_051.csv,-76.25026702,-95.37112994,19.12086292,467566459.9,Gaussian
Trace_052.csv,-78.24250746,-95.37892655,17.13641909,467557999.7,Gaussian
Trace_053.csv,-76.18362994,-95.32847458,19.14484463,467562229.8,Gaussian
Trace_054.csv,-76.25527487,-95.25237288,18.99709801,467549539.4,Gaussian
Trace_055.csv,-77.23850136,-95.35870056,18.1201992,467562229.8,Gaussian
Trace_056.csv,-75.93102778,-95.3379661,19.40693832,467553769.5,Gaussian
Trace_057.csv,-75.83187415,-95.30813559,19.47626145,467591840.6,Gaussian
Trace_058.csv,-76.04842313,-95.12508475,19.07666162,467566459.9,Gaussian
Trace_059.csv,-76.11471989,-95.24237288,19.12765299,467566459.9,Gaussian
Trace_060.csv,-75.91779452,-95.28423729,19.36644277,467566459.9,Gaussian
Trace_061.csv,-75.95835762,-95.37429379,19.41593617,467562229.8,Gaussian
Trace_062.csv,-76.92444293,-95.11446328,18.19002034,467574920.1,Gaussian
Trace_063.csv,-77.47236671,-95.36310734,17.89074063,467574920.1,Gaussian
Trace_064.csv,-76.89685915,-95.60728814,18.71042898,467541079.2,Gaussian
Trace_065.csv,-76.69448649,-95.45943503,18.76494854,467566459.9,Gaussian
Trace_066.csv,-76.64005556,-95.61525424,18.97519868,467566459.9,Gaussian
Trace_067.csv,-76.17340674,-95.31124294,19.1378362,467574920.2,Gaussian
Trace_068.csv,-76.68822558,-94.99542373,18.30719814,467566459.9,Gaussian
Trace_069.csv,-78.14126856,-95.16118644,17.01991788,467562229.8,Gaussian
Trace_070.csv,-78.56666667,-95.39333333,16.82666667,467574920.2,Gaussian
Trace_071.csv,-78.05252674,-95.33943503,17.28690829,467545309.3,Gaussian
Trace_072.csv,-77.76125348,-95.36384181,17.60258833,467562229.8,Gaussian
Trace_073.csv,-77.50325269,-95.58016949,18.0769168,467557999.7,Gaussian
Trace_074.csv,-77.31540426,-95.75288136,18.4374771,467566459.9,Gaussian
Trace_075.csv,-78.05419267,-95.64638418,17.59219151,467536849.1,Gaussian
Trace_076.csv,-77.47223448,-95.20175141,17.72951693,467553769.5,Gaussian
Trace_077.csv,-77.54840878,-95.36333333,17.81492455,467541079.2,Gaussian
Trace_078.csv,-77.12847222,-94.85384181,17.72536959,467570690,Gaussian
Trace_079.csv,-78.04653295,-95.36090395,17.314371,467574920.2,Gaussian
Trace_080.csv,-77.74415363,-95.48062147,17.73646784,467536849.1,Gaussian
Trace_081.csv,-77.41718254,-95.4819209,18.06473836,467562229.8,Gaussian
Trace_082.csv,-78.51889503,-95.42779661,16.90890158,467566459.9,Gaussian
Trace_083.csv,-77.22189533,-95.24062147,18.01872614,467541079.2,Gaussian
Trace_084.csv,-76.41519284,-95.38672316,18.97153033,467562229.8,Gaussian
Trace_085.csv,-76.77319519,-95.32361582,18.55042063,467549539.5,Gaussian
Trace_086.csv,-77.83164051,-95.4040678,17.57242728,467562229.8,Gaussian
Trace_087.csv,-77.26591837,-95.48039548,18.21447711,467553769.5,Gaussian
Trace_088.csv,-77.80365217,-95.13141243,17.32776026,467566459.9,Gaussian
Trace_089.csv,-76.65944818,-95.41101695,18.75156877,467553769.5,Gaussian
Trace_090.csv,-76.98590968,-95.76011299,18.77420332,467553769.5,Gaussian
Trace_091.csv,-77.55216763,-95.21220339,17.66003576,467545309.3,Gaussian
Trace_092.csv,-77.03407725,-95.20322034,18.16914309,467574920.2,Gaussian
Trace_093.csv,-77.18554131,-95.44887006,18.26332875,467557999.7,Gaussian
Trace_094.csv,-77.12295455,-95.32435028,18.20139574,467570690,Gaussian
Trace_095.csv,-77.79412023,-95.47497175,17.68085152,467541079.2,Gaussian
Trace_096.csv,-77.69114245,-95.31576271,17.62462026,467549539.4,Gaussian
Trace_097.csv,-77.45955022,-95.27903955,17.81948932,467553769.5,Gaussian
Trace_098.csv,-77.30205767,-95.51717514,18.21511747,467545309.3,Gaussian
Trace_099.csv,-77.38109116,-95.22175141,17.84066025,467557999.7,Gaussian
Trace_100.csv,-77.05641727,-95.00491525,17.94849799,467549539.4,Gaussian
Trace_001.csv,-62.22977703,-74.16305085,11.93327381,467557999.7,Gaussian
Trace_002.csv,-75.67289694,-95.25056497,19.57766804,467553769.5,Gaussian
Trace_003.csv,-75.3640646,-95.38983051,20.02576591,467545309.3,Gaussian
Trace_004.csv,-76.58893408,-95.42169492,18.83276083,467566459.9,Gaussian
Trace_005.csv,-74.74408488,-94.92107345,20.17698857,467562229.8,Gaussian
Trace_006.csv,-75.36988966,-95.5440678,20.17417814,467570690,Gaussian
Trace_007.csv,-75.1979805,-95.19491525,19.99693475,467549539.4,Gaussian
Trace_008.csv,-75.82122283,-95.26367232,19.44244949,467596070.7,Gaussian
Trace_009.csv,-76.27117318,-95.36101695,19.08984376,467566459.9,Gaussian
Trace_010.csv,-75.93990814,-95.09570621,19.15579808,467549539.4,Gaussian
Trace_011.csv,-75.83318697,-95.21983051,19.38664354,467536849,Gaussian
Trace_012.csv,-76.36460189,-95.54067797,19.17607608,467553769.5,Gaussian
Trace_013.csv,-75.54765101,-95.28519774,19.73754673,467549539.4,Gaussian
Trace_014.csv,-76.00501479,-95.23960452,19.23458973,467562229.8,Gaussian
Trace_015.csv,-75.94927778,-94.90384181,18.95456403,467557999.7,Gaussian
Trace_016.csv,-76.14622253,-95.04700565,18.90078312,467566459.9,Gaussian
Trace_017.csv,-75.8261705,-95.09333333,19.26716283,467566459.9,Gaussian
Trace_018.csv,-76.16766106,-95.23389831,19.06623724,467549539.4,Gaussian
Trace_019.csv,-75.45174894,-95.30694915,19.85520021,467557999.7,Gaussian
Trace_020.csv,-75.20511299,-95.46372881,20.25861582,467570690,Gaussian
Trace_021.csv,-75.19378378,-95.22440678,20.030623,467557999.7,Gaussian
Trace_022.csv,-75.71465955,-95.43293785,19.71827831,467553769.6,Gaussian
Trace_023.csv,-76.25781843,-95.44276836,19.18494993,467549539.4,Gaussian
Trace_024.csv,-76.75277092,-95.51536723,18.76259631,467566459.9,Gaussian
Trace_025.csv,-76.54849007,-95.18531073,18.63682067,467549539.4,Gaussian
Trace_026.csv,-75.95118984,-95.26779661,19.31660677,467557999.7,Gaussian
Trace_027.csv,-75.82046875,-95.2940678,19.47359905,467566459.9,Gaussian
Trace_028.csv,-75.46769333,-95.36073446,19.89304113,467557999.6,Gaussian
Trace_029.csv,-76.51408769,-95.42333333,18.90924564,467549539.4,Gaussian
Trace_030.csv,-76.22898417,-94.89299435,18.66401018,467566459.9,Gaussian
Trace_031.csv,-76.31455939,-95.40960452,19.09504513,467557999.7,Gaussian
Trace_032.csv,-76.85779597,-95.50152542,18.64372945,467562229.8,Gaussian
Trace_033.csv,-76.1432053,-95.1859887,19.0427834,467562229.8,Gaussian
Trace_034.csv,-75.82074589,-95.16649718,19.34575128,467549539.4,Gaussian
Trace_035.csv,-75.13726272,-95.2819209,20.14465818,467562229.8,Gaussian
Trace_036.csv,-75.11880056,-94.91067797,19.79187741,467562229.8,Gaussian
Trace_037.csv,-75.24875362,-94.97259887,19.72384525,467549539.4,Gaussian
Trace_038.csv,-76.30777469,-95.35225989,19.0444852,467549539.4,Gaussian
Trace_039.csv,-75.97006793,-95.36581921,19.39575127,467566459.9,Gaussian
Trace_040.csv,-76.37687143,-95.27163842,18.89476699,467566459.9,Gaussian
Trace_041.csv,-74.55970914,-94.81853107,20.25882193,467587610.5,Gaussian
Trace_042.csv,-75.31192623,-95.04463277,19.73270654,467541079.2,Gaussian
Trace_043.csv,-75.35298269,-95.28853107,19.93554838,467553769.5,Gaussian
Trace_044.csv,-75.62132791,-95.14926554,19.52793762,467545309.3,Gaussian
Trace_045.csv,-76.27375342,-95.41542373,19.1416703,467553769.5,Gaussian
Trace_046.csv,-76.20836735,-95.21282486,19.00445751,467549539.4,Gaussian
Trace_047.csv,-76.25247911,-95.28734463,19.03486552,467562229.8,Gaussian
Trace_048.csv,-76.46029745,-95.38101695,18.9207195,467562229.8,Gaussian
Trace_049.csv,-75.56610583,-95.28028249,19.71417665,467562229.8,Gaussian
Trace_050.csv,-76.08868925,-95.1519774,19.06328815,467587610.5,Gaussian
Trace_051.csv,-75.77228767,-95.02480226,19.25251459,467587610.5,Gaussian
Trace_052.csv,-75.7177,-95.20627119,19.48857119,467562229.8,Gaussian
Trace_053.csv,-75.98837147,-95.25163842,19.26326695,467566459.9,Gaussian
Trace_054.csv,-74.95234652,-95.08355932,20.1312128,467574920.1,Gaussian
Trace_055.csv,-75.19823373,-95.11457627,19.91634254,467553769.5,Gaussian
Trace_056.csv,-76.19161333,-95.52418079,19.33256746,467557999.7,Gaussian
Trace_057.csv,-75.61232215,-95.13056497,19.51824282,467549539.4,Gaussian
Trace_058.csv,-74.58122905,-95.1240113,20.54278225,467562229.8,Gaussian
Trace_059.csv,-75.11269071,-95.31531073,20.20262003,467545309.3,Gaussian
Trace_060.csv,-75.25529644,-94.94819209,19.69289565,467570690,Gaussian
Trace_061.csv,-75.59389628,-95.40480226,19.81090598,467524158.7,Gaussian
Trace_062.csv,-76.41861601,-95.60039548,19.18177947,467557999.7,Gaussian
Trace_063.csv,-76.21589744,-95.11355932,18.89766189,467570690,Gaussian
Trace_064.csv,-76.68004021,-95.66943503,18.98939481,467570690,Gaussian
Trace_065.csv,-74.98211957,-95.12152542,20.13940586,467545309.3,Gaussian
Trace_066.csv,-75.49276228,-95.36124294,19.86848065,467557999.7,Gaussian
Trace_067.csv,-75.59524766,-95.32135593,19.72610827,467562229.8,Gaussian
Trace_068.csv,-75.75473132,-95.37299435,19.61826303,467579150.3,Gaussian
Trace_069.csv,-75.58279037,-95.30723164,19.72444127,467557999.7,Gaussian
Trace_070.csv,-75.45753662,-95.29299435,19.83545773,467532619,Gaussian
Trace_071.csv,-75.79417738,-95.39225989,19.59808251,467557999.7,Gaussian
Trace_072.csv,-75.32632231,-95.19333333,19.86701102,467596070.7,Gaussian
Trace_073.csv,-75.17803051,-95.12548023,19.94744971,467557999.7,Gaussian
Trace_074.csv,-75.9670235,-95.80824859,19.84122509,467557999.7,Gaussian
Trace_075.csv,-76.38113514,-95.51367232,19.13253718,467587610.5,Gaussian
Trace_076.csv,-75.24810256,-95.42338983,20.17528727,467562229.8,Gaussian
Trace_077.csv,-74.93792818,-95.06090395,20.12297578,467557999.7,Gaussian
Trace_078.csv,-74.72201657,-94.9819209,20.25990433,467579150.2,Gaussian
Trace_079.csv,-76.56738544,-95.62700565,19.0596202,467541079.2,Gaussian
Trace_080.csv,-75.10445799,-95.20429379,20.09983579,467587610.5,Gaussian
Trace_081.csv,-74.85136752,-95.19677966,20.34541214,467574920.2,Gaussian
Trace_082.csv,-75.14413605,-95.61384181,20.46970575,467587610.5,Gaussian
Trace_083.csv,-74.87920723,-95.36169492,20.48248768,467549539.4,Gaussian
Trace_084.csv,-76.11129679,-95.56926554,19.45796875,467566459.9,Gaussian
Trace_085.csv,-75.21351049,-94.98971751,19.77620702,467570690,Gaussian
Trace_086.csv,-75.27002721,-95.30231638,20.03228917,467600300.9,Gaussian
Trace_087.csv,-75.28031208,-95.01327684,19.73296476,467541079.2,Gaussian
Trace_088.csv,-74.38192582,-95.22621469,20.84428887,467532619,Gaussian
Trace_089.csv,-76.51427338,-95.55683616,19.04256278,467566459.9,Gaussian
Trace_090.csv,-75.42791386,-95.38875706,19.9608432,467570690,Gaussian
Trace_091.csv,-76.08229765,-95.48372881,19.40143116,467587610.5,Gaussian
Trace_092.csv,-76.59852632,-95.68259887,19.08407255,467587610.5,Gaussian
Trace_093.csv,-75.45449482,-95.13310734,19.67861253,467570690,Gaussian
Trace_094.csv,-76.84073333,-95.03909605,18.19836271,467549539.4,Gaussian
Trace_095.csv,-76.16557029,-95.65011299,19.4845427,467562229.8,Gaussian
Trace_096.csv,-76.06249657,-95.48435028,19.42185371,467557999.7,Gaussian
Trace_097.csv,-75.64009383,-95.22632768,19.58623385,467562229.8,Gaussian
Trace_098.csv,-75.34689609,-95.19028249,19.8433864,467553769.5,Gaussian
Trace_099.csv,-75.2618414,-95.12983051,19.86798911,467570690,Gaussian
Trace_100.csv,-75.58865333,-95.31265537,19.72400203,467553769.5,Gaussian
Trace_001.csv,-57.40456919,-68.4639548,11.05938561,467562229.8,Gaussian
Trace_002.csv,-73.27930459,-95.14096045,21.86165586,467570690,Gaussian
Trace_003.csv,-73.33974895,-95.15762712,21.81787816,467562229.8,Gaussian
Trace_004.csv,-73.61109875,-95.34112994,21.7300312,467532618.9,Gaussian
Trace_005.csv,-73.90263661,-95.17118644,21.26854983,467570690,Gaussian
Trace_006.csv,-75.14703546,-95.4020904,20.25505493,467549539.4,Gaussian
Trace_007.csv,-74.46168407,-95.00570621,20.54402214,467541079.2,Gaussian
Trace_008.csv,-74.51353461,-95.15033898,20.63680437,467570690,Gaussian
Trace_009.csv,-74.65479651,-95.56016949,20.90537298,467557999.7,Gaussian
Trace_010.csv,-72.72515193,-95.16576271,22.44061078,467532619,Gaussian
Trace_011.csv,-73.71776521,-94.93468927,21.21692406,467541079.2,Gaussian
Trace_012.csv,-73.13051247,-95.14706215,22.01654968,467579150.3,Gaussian
Trace_013.csv,-73.85893557,-95.41762712,21.55869154,467562229.8,Gaussian
Trace_014.csv,-74.4529564,-95.48282486,21.02986846,467541079.2,Gaussian
Trace_015.csv,-74.120638,-94.98909605,20.86845804,467545309.3,Gaussian
Trace_016.csv,-74.26918367,-95.41463277,21.14544909,467549539.4,Gaussian
Trace_017.csv,-74.17769774,-94.93418079,20.75648305,467566459.9,Gaussian
Trace_018.csv,-75.83485273,-95.59242938,19.75757664,467574920.1,Gaussian
Trace_019.csv,-73.70572028,-95.15858757,21.45286729,467553769.5,Gaussian
Trace_020.csv,-73.46418699,-95.09,21.62581301,467570690,Gaussian
Trace_021.csv,-74.38305483,-95.53892655,21.15587172,467566459.9,Gaussian
Trace_022.csv,-73.56870879,-95.20610169,21.6373929,467549539.4,Gaussian
Trace_023.csv,-74.23084866,-95.10485876,20.8740101,467562229.8,Gaussian
Trace_024.csv,-73.6419016,-95.39225989,21.75035829,467553769.5,Gaussian
Trace_025.csv,-73.64206371,-95.3520904,21.71002668,467587610.5,Gaussian
Trace_026.csv,-74.11490566,-95.54265537,21.42774971,467557999.7,Gaussian
Trace_027.csv,-73.60807902,-95.24954802,21.641469,467570690,Gaussian
Trace_028.csv,-73.62414248,-95.02412429,21.39998181,467553769.5,Gaussian
Trace_029.csv,-73.56889362,-95.32576271,21.75686909,467519928.5,Gaussian
Trace_030.csv,-74.67520107,-95.36429379,20.68909271,467557999.7,Gaussian
Trace_031.csv,-74.29178326,-95.53649718,21.24471391,467574920.2,Gaussian
Trace_032.csv,-74.00939351,-95.3300565,21.32066299,467536849,Gaussian
Trace_033.csv,-72.77993197,-95.14864407,22.3687121,467562229.8,Gaussian
Trace_034.csv,-75.23039735,-95.58666667,20.35626932,467553769.5,Gaussian
Trace_035.csv,-73.46376518,-95.48971751,22.02595233,467562229.8,Gaussian
Trace_036.csv,-74.19039894,-95.32514124,21.13474231,467570690,Gaussian
Trace_037.csv,-73.18206284,-95.28666667,22.10460383,467562229.8,Gaussian
Trace_038.csv,-74.17453168,-94.89474576,20.72021408,467545309.3,Gaussian
Trace_039.csv,-73.1041774,-95.11214689,22.0079695,467536849,Gaussian
Trace_040.csv,-74.16982069,-95.51169492,21.34187423,467557999.7,Gaussian
Trace_041.csv,-73.91645161,-95.16152542,21.24507381,467579150.3,Gaussian
Trace_042.csv,-73.29204513,-95.57971751,22.28767238,467557999.7,Gaussian
Trace_043.csv,-73.65691196,-95.24271186,21.58579991,467562229.8,Gaussian
Trace_044.csv,-74.32590971,-95.39853107,21.07262136,467562229.8,Gaussian
Trace_045.csv,-73.44291892,-95.24468927,21.80177035,467570690,Gaussian
Trace_046.csv,-73.26836182,-95.1279096,21.85954778,467536849.1,Gaussian
Trace_047.csv,-74.82857902,-94.92932203,20.10074302,467549539.4,Gaussian
Trace_048.csv,-73.40044017,-95.18259887,21.7821587,467562229.8,Gaussian
Trace_049.csv,-73.65400275,-95.33175141,21.67774866,467536849.1,Gaussian
Trace_050.csv,-74.68279452,-95.59231638,20.90952186,467566459.9,Gaussian
Trace_051.csv,-73.46681199,-94.87361582,21.40680383,467566459.9,Gaussian
Trace_052.csv,-74.51712517,-95.3459322,20.82880703,467566459.9,Gaussian
Trace_053.csv,-74.43374834,-95.45847458,21.02472623,467541079.2,Gaussian
Trace_054.csv,-73.97091781,-95.0999435,21.12902569,467574920.1,Gaussian
Trace_055.csv,-73.06879552,-95.32254237,22.25374685,467562229.8,Gaussian
Trace_056.csv,-73.21776,-95.11378531,21.89602531,467553769.5,Gaussian
Trace_057.csv,-74.69663366,-95.50062147,20.80398781,467541079.2,Gaussian
Trace_058.csv,-73.56627876,-95.0339548,21.46767605,467574920.1,Gaussian
Trace_059.csv,-74.29916329,-95.42305085,21.12388755,467562229.8,Gaussian
Trace_060.csv,-74.04156499,-95.48435028,21.4427853,467545309.3,Gaussian
Trace_061.csv,-74.27407767,-95.50853107,21.2344534,467562229.8,Gaussian
Trace_062.csv,-74.03512752,-95.64847458,21.61334706,467541079.2,Gaussian
Trace_063.csv,-73.41751763,-95.31316384,21.89564621,467579150.3,Gaussian
Trace_064.csv,-74.35526174,-95.27457627,20.91931453,467553769.5,Gaussian
Trace_065.csv,-73.01228849,-94.91542373,21.90313524,467541079.2,Gaussian
Trace_066.csv,-73.08285118,-95.0679096,21.98505842,467545309.3,Gaussian
Trace_067.csv,-74.43207827,-95.59468927,21.16261099,467557999.7,Gaussian
Trace_068.csv,-75.10188467,-95.51,20.40811533,467570690,Gaussian
Trace_069.csv,-74.15650067,-95.34457627,21.1880756,467583380.4,Gaussian
Trace_070.csv,-74.09001431,-95.54932203,21.45930773,467562229.8,Gaussian
Trace_071.csv,-73.82301075,-94.80966102,20.98665026,467579150.3,Gaussian
Trace_072.csv,-74.34170667,-95.52225989,21.18055322,467557999.7,Gaussian
Trace_073.csv,-73.81559459,-95.26762712,21.45203252,467566459.9,Gaussian
Trace_074.csv,-74.19679195,-95.48960452,21.29281257,467549539.5,Gaussian
Trace_075.csv,-74.79739073,-95.8179661,21.02057537,467562229.8,Gaussian
Trace_076.csv,-73.9875565,-95.36672316,21.37916667,467570690,Gaussian
Trace_077.csv,-74.10539386,-95.19728814,21.09189428,467570690,Gaussian
Trace_078.csv,-74.02869742,-95.47644068,21.44774326,467562229.8,Gaussian
Trace_079.csv,-74.32508796,-95.15757062,20.83248266,467562229.8,Gaussian
Trace_080.csv,-74.12593407,-95.31237288,21.18643882,467566459.9,Gaussian
Trace_081.csv,-74.45476124,-95.47830508,21.02354385,467549539.4,Gaussian
Trace_082.csv,-74.51032383,-95.42112994,20.91080611,467553769.5,Gaussian
Trace_083.csv,-74.666899,-95.1499435,20.4830445,467524158.7,Gaussian
Trace_084.csv,-73.63726027,-94.99480226,21.35754199,467532618.9,Gaussian
Trace_085.csv,-74.84917808,-95.59491525,20.74573717,467541079.2,Gaussian
Trace_086.csv,-74.07083221,-95.08745763,21.01662541,467545309.3,Gaussian
Trace_087.csv,-73.90298408,-95.00022599,21.0972419,467553769.5,Gaussian
Trace_088.csv,-74.39133705,-95.46909605,21.077759,467549539.4,Gaussian
Trace_089.csv,-73.54156206,-94.99158192,21.45001986,467566459.9,Gaussian
Trace_090.csv,-74.53376871,-95.72259887,21.18883016,467566459.9,Gaussian
Trace_091.csv,-75.41424442,-95.64423729,20.22999287,467570690,Gaussian
Trace_092.csv,-74.81495957,-95.1619774,20.34701783,467566459.9,Gaussian
Trace_093.csv,-74.96570081,-95.48011299,20.51441219,467553769.5,Gaussian
Trace_094.csv,-73.33123978,-95.0100565,21.67881672,467566459.9,Gaussian
Trace_095.csv,-75.53544798,-95.71169492,20.17624694,467553769.6,Gaussian
Trace_096.csv,-74.70457026,-95.70372881,20.99915855,467583380.4,Gaussian
Trace_097.csv,-75.09236287,-95.73700565,20.64464278,467557999.7,Gaussian
Trace_098.csv,-73.93875817,-95.23977401,21.30101584,467570690,Gaussian
Trace_099.csv,-74.80304465,-95.50531073,20.70226608,467566459.9,Gaussian
Trace_100.csv,-73.70779793,-95.19813559,21.49033767,467566459.9,Gaussian
Trace_001.csv,-57.30246047,-70.25926554,12.95680506,467562229.8,Gaussian
Trace_002.csv,-72.10854223,-95.16564972,23.05710748,467570690,Gaussian
Trace_003.csv,-72.10181102,-94.99237288,22.89056186,467549539.4,Gaussian
Trace_004.csv,-71.93279841,-95.1820904,23.24929199,467566459.9,Gaussian
Trace_005.csv,-73.1926539,-95.30237288,22.10971898,467596070.7,Gaussian
Trace_006.csv,-73.96818432,-95.28542373,21.31723941,467562229.8,Gaussian
Trace_007.csv,-72.16071038,-95.38288136,23.22217097,467570690,Gaussian
Trace_008.csv,-72.98896142,-95.33073446,22.34177304,467566459.9,Gaussian
Trace_009.csv,-73.17983425,-95.25610169,22.07626744,467549539.4,Gaussian
Trace_010.csv,-72.39980132,-95.50367232,23.10387099,467557999.7,Gaussian
Trace_011.csv,-71.92828571,-95.54757062,23.61928491,467574920.2,Gaussian
Trace_012.csv,-72.5113079,-95.38926554,22.87795763,467562229.8,Gaussian
Trace_013.csv,-72.93353957,-95.63389831,22.70035874,467541079.2,Gaussian
Trace_014.csv,-73.08752149,-95.1980226,22.11050111,467583380.4,Gaussian
Trace_015.csv,-73.27764869,-95.44310734,22.16545866,467545309.3,Gaussian
Trace_016.csv,-73.32548023,-95.40305085,22.07757062,467553769.5,Gaussian
Trace_017.csv,-73.176875,-95.15870056,21.98182556,467541079.2,Gaussian
Trace_018.csv,-72.57079408,-95.40033898,22.8295449,467541079.2,Gaussian
Trace_019.csv,-73.89726639,-95.23954802,21.34228163,467566459.9,Gaussian
Trace_020.csv,-73.04963012,-95.29966102,22.2500309,467557999.7,Gaussian
Trace_021.csv,-71.54296496,-95.11740113,23.57443617,467566459.9,Gaussian
Trace_022.csv,-72.66494681,-95.34615819,22.68121138,467557999.7,Gaussian
Trace_023.csv,-73.500674,-95.58,22.079326,467541079.2,Gaussian
Trace_024.csv,-72.07339166,-94.90451977,22.83112812,467557999.7,Gaussian
Trace_025.csv,-71.76058503,-95.47451977,23.71393474,467532618.9,Gaussian
Trace_026.csv,-73.18093445,-95.41576271,22.23482826,467566459.9,Gaussian
Trace_027.csv,-72.29502024,-95.48932203,23.19430179,467515698.5,Gaussian
Trace_028.csv,-73.27675378,-95.80920904,22.53245526,467566459.9,Gaussian
Trace_029.csv,-72.09859331,-95.29824859,23.19965527,467562229.8,Gaussian
Trace_030.csv,-71.7989779,-95.03819209,23.23921419,467553769.5,Gaussian
Trace_031.csv,-72.73885675,-95.24706215,22.5082054,467570690,Gaussian
Trace_032.csv,-72.85767651,-95.50536723,22.64769072,467562229.8,Gaussian
Trace_033.csv,-72.53018945,-95.06011299,22.52992355,467553769.6,Gaussian
Trace_034.csv,-72.71790667,-95.16429379,22.44638712,467553769.5,Gaussian
Trace_035.csv,-71.71399729,-95.19672316,23.48272587,467583380.4,Gaussian
Trace_036.csv,-71.97860495,-95.01276836,23.03416341,467574920.1,Gaussian
Trace_037.csv,-70.99561453,-94.86813559,23.87252107,467557999.7,Gaussian
Trace_038.csv,-71.53872777,-94.91344633,23.37471856,467562229.8,Gaussian
Trace_039.csv,-71.67542667,-95.34,23.66457333,467562229.8,Gaussian
Trace_040.csv,-72.38807212,-95.34988701,22.96181488,467587610.5,Gaussian
Trace_041.csv,-71.67020645,-94.79090395,23.1206975,467541079.2,Gaussian
Trace_042.csv,-72.00646175,-95.1779661,23.17150435,467591840.6,Gaussian
Trace_043.csv,-72.74953678,-95.09502825,22.34549146,467557999.7,Gaussian
Trace_044.csv,-71.9932893,-95.00508475,23.01179545,467549539.4,Gaussian
Trace_045.csv,-72.46392857,-95.32576271,22.86183414,467579150.2,Gaussian
Trace_046.csv,-73.13355623,-95.33644068,22.20288445,467545309.3,Gaussian
Trace_047.csv,-72.94175637,-95.63661017,22.6948538,467574920.2,Gaussian
Trace_048.csv,-72.85986264,-95.41677966,22.55691702,467545309.3,Gaussian
Trace_049.csv,-73.31719149,-95.2900565,21.97286501,467549539.4,Gaussian
Trace_050.csv,-73.2710616,-95.89096045,22.61989885,467557999.6,Gaussian
Trace_051.csv,-73.26134565,-95.51016949,22.24882385,467562229.8,Gaussian
Trace_052.csv,-72.2089396,-95.2040113,22.9950717,467553769.5,Gaussian
Trace_053.csv,-72.35998607,-95.38514124,23.02515517,467557999.7,Gaussian
Trace_054.csv,-71.89568365,-95.18412429,23.28844065,467557999.7,Gaussian
Trace_055.csv,-72.0148183,-95.33774011,23.32292181,467532619,Gaussian
Trace_056.csv,-72.91566013,-95.6159887,22.70032857,467553769.5,Gaussian
Trace_057.csv,-73.9557971,-95.44378531,21.48798821,467541079.2,Gaussian
Trace_058.csv,-73.16384303,-95.38971751,22.22587448,467528388.9,Gaussian
Trace_059.csv,-73.2864539,-95.37502825,22.08857435,467541079.2,Gaussian
Trace_060.csv,-72.1069932,-95.66683616,23.55984296,467570690,Gaussian
Trace_061.csv,-72.47076716,-95.43841808,22.96765092,467557999.7,Gaussian
Trace_062.csv,-73.86623641,-95.20932203,21.34308562,467574920.1,Gaussian
Trace_063.csv,-73.20001377,-95.33305085,22.13303707,467566459.9,Gaussian
Trace_064.csv,-72.88534137,-95.36079096,22.47544959,467562229.8,Gaussian
Trace_065.csv,-72.86161708,-95.43519774,22.57358066,467545309.3,Gaussian
Trace_066.csv,-72.01140957,-95.18446328,23.1730537,467532619,Gaussian
Trace_067.csv,-73.97677027,-95.40983051,21.43306024,467549539.5,Gaussian
Trace_068.csv,-72.69457433,-95.12813559,22.43356126,467532619,Gaussian
Trace_069.csv,-73.05666185,-95.49423729,22.43757544,467570690,Gaussian
Trace_070.csv,-73.90426003,-95.41039548,21.50613545,467545309.3,Gaussian
Trace_071.csv,-75.42380814,-95.77745763,20.35364949,467549539.4,Gaussian
Trace_072.csv,-72.88281888,-95.42943503,22.54661615,467574920.1,Gaussian
Trace_073.csv,-72.42966533,-95.37785311,22.94818778,467566459.9,Gaussian
Trace_074.csv,-72.876,-95.24327684,22.36727684,467549539.4,Gaussian
Trace_075.csv,-73.85254875,-95.71949153,21.86694278,467570690,Gaussian
Trace_076.csv,-73.80750681,-95.46864407,21.66113726,467574920.1,Gaussian
Trace_077.csv,-72.61915978,-95.01220339,22.39304361,467553769.5,Gaussian
Trace_078.csv,-73.89471724,-95.79548023,21.90076298,467545309.3,Gaussian
Trace_079.csv,-72.04924451,-95.2280791,23.17883459,467570690,Gaussian
Trace_080.csv,-72.68551724,-95.39022599,22.70470875,467541079.2,Gaussian
Trace_081.csv,-73.06004243,-95.66819209,22.60814966,467528388.8,Gaussian
Trace_082.csv,-72.57901823,-95.59768362,23.01866538,467570690,Gaussian
Trace_083.csv,-72.9960705,-95.74242938,22.74635888,467532619,Gaussian
Trace_084.csv,-73.72234186,-95.36372881,21.64138696,467553769.5,Gaussian
Trace_085.csv,-72.92429504,-95.51112994,22.5868349,467591840.6,Gaussian
Trace_086.csv,-73.67864714,-95.40711864,21.7284715,467570690,Gaussian
Trace_087.csv,-72.40855586,-95.60457627,23.19602041,467557999.7,Gaussian
Trace_088.csv,-73.02068733,-95.46242938,22.44174205,467570690,Gaussian
Trace_089.csv,-71.97754821,-95.4659887,23.48844049,467566459.9,Gaussian
Trace_090.csv,-72.81037838,-95.6299435,22.81956512,467570690,Gaussian
Trace_091.csv,-72.14502063,-95.25937853,23.1143579,467532619,Gaussian
Trace_092.csv,-72.40751979,-95.27762712,22.87010733,467545309.3,Gaussian
Trace_093.csv,-73.85542741,-95.47146893,21.61604152,467532619,Gaussian
Trace_094.csv,-73.37845109,-95.30497175,21.92652066,467566459.9,Gaussian
Trace_095.csv,-72.86295359,-95.30706215,22.44410856,467566459.9,Gaussian
Trace_096.csv,-74.14022546,-95.6519209,21.51169544,467553769.5,Gaussian
Trace_097.csv,-73.08139474,-95.36180791,22.28041317,467541079.2,Gaussian
Trace_098.csv,-72.88419718,-95.15898305,22.27478587,467532619,Gaussian
Trace_099.csv,-73.26741307,-95.48858757,22.2211745,467541079.2,Gaussian
Trace_100.csv,-71.6604426,-95.58310734,23.92266474,467536849,Gaussian
Trace_001.csv,-53.09793146,-64.51531073,11.41737928,467549539.4,Gaussian
Trace_002.csv,-70.30705293,-95.77033898,25.46328605,467511468.4,Gaussian
Trace_003.csv,-71.62102635,-95.57519774,23.95417139,467557999.6,Gaussian
Trace_004.csv,-70.39038407,-95.25870056,24.8683165,467545309.3,Gaussian
Trace_005.csv,-70.75553719,-95.38435028,24.62881309,467541079.2,Gaussian
Trace_006.csv,-69.55190476,-95.24101695,25.68911219,467562229.8,Gaussian
Trace_007.csv,-69.52606952,-95.45519774,25.92912822,467583380.4,Gaussian
Trace_008.csv,-71.39491781,-95.39542373,24.00050592,467498778,Gaussian
Trace_009.csv,-70.0745749,-94.98028249,24.90570759,467570690,Gaussian
Trace_010.csv,-70.94281709,-95.44875706,24.50593997,467562229.8,Gaussian
Trace_011.csv,-70.47736364,-95.51457627,25.03721263,467553769.5,Gaussian
Trace_012.csv,-70.40684211,-95.5439548,25.1371127,467574920.1,Gaussian
Trace_013.csv,-70.19059072,-95.10932203,24.91873132,467574920.2,Gaussian
Trace_014.csv,-70.77332853,-95.1659322,24.39260367,467553769.5,Gaussian
Trace_015.csv,-72.07962238,-95.57101695,23.49139457,467570690,Gaussian
Trace_016.csv,-71.08846575,-95.39728814,24.30882238,467553769.5,Gaussian
Trace_017.csv,-70.73688732,-94.98129944,24.24441211,467557999.6,Gaussian
Trace_018.csv,-70.84138462,-95.36084746,24.51946284,467553769.5,Gaussian
Trace_019.csv,-71.05030429,-95.58423729,24.533933,467545309.3,Gaussian
Trace_020.csv,-70.75718019,-95.27881356,24.52163337,467545309.3,Gaussian
Trace_021.csv,-70.34077333,-95.18531073,24.8445374,467545309.3,Gaussian
Trace_022.csv,-71.51731771,-95.33638418,23.81906647,467536849,Gaussian
Trace_023.csv,-70.92153533,-95.44299435,24.52145902,467545309.3,Gaussian
Trace_024.csv,-71.93028986,-95.58016949,23.64987964,467549539.4,Gaussian
Trace_025.csv,-69.99322489,-95.38564972,25.39242482,467553769.5,Gaussian
Trace_026.csv,-70.35511142,-95.49960452,25.1444931,467566459.9,Gaussian
Trace_027.csv,-71.96180115,-95.49785311,23.53605195,467600300.8,Gaussian
Trace_028.csv,-70.45277402,-95.07502825,24.62225423,467557999.7,Gaussian
Trace_029.csv,-70.62,-95.63576271,25.01576271,467570690,Gaussian
Trace_030.csv,-73.3974928,-95.76022599,22.36273319,467143448,Gaussian
Trace_031.csv,-69.61280992,-95.21661017,25.60380025,467596070.7,Gaussian
Trace_032.csv,-70.5512259,-95.54451977,24.99329388,467574920.1,Gaussian
Trace_033.csv,-70.35687013,-95.27146893,24.9145988,467579150.3,Gaussian
Trace_034.csv,-71.97777166,-95.46220339,23.48443173,467587610.5,Gaussian
Trace_035.csv,-70.82284542,-95.28265537,24.45980995,467541079.2,Gaussian
Trace_036.csv,-69.87883562,-95.33576271,25.4569271,467507238.2,Gaussian
Trace_037.csv,-69.98205645,-95.29757062,25.31551417,467583380.4,Gaussian
Trace_038.csv,-69.46874663,-95.4359887,25.96724207,467545309.3,Gaussian
Trace_039.csv,-70.55026648,-95.39056497,24.84029849,467549539.4,Gaussian
Trace_040.csv,-70.34312248,-95.39305085,25.04992837,467515698.5,Gaussian
Trace_041.csv,-70.6075142,-95.45152542,24.84401122,467545309.3,Gaussian
Trace_042.csv,-70.86280263,-95.43943503,24.5766324,467541079.2,Gaussian
Trace_043.csv,-70.69833777,-95.31745763,24.61911986,467541079.2,Gaussian
Trace_044.csv,-71.92333791,-95.24350282,23.32016491,467562229.8,Gaussian
Trace_045.csv,-71.24086207,-95.29847458,24.05761251,467541079.2,Gaussian
Trace_046.csv,-71.52379066,-95.54084746,24.01705679,467562229.8,Gaussian
Trace_047.csv,-70.03693421,-95.44259887,25.40566466,467600300.8,Gaussian
Trace_048.csv,-70.31782967,-95.32689266,25.00906299,467574920.1,Gaussian
Trace_049.csv,-70.71270804,-95.32152542,24.60881738,467553769.5,Gaussian
Trace_050.csv,-69.63590909,-95.41632768,25.78041859,467541079.2,Gaussian
Trace_051.csv,-69.75411357,-95.33146893,25.57735535,467579150.3,Gaussian
Trace_052.csv,-69.18419226,-95.21039548,26.02620322,467553769.5,Gaussian
Trace_053.csv,-70.5204902,-95.23107345,24.71058325,467553769.5,Gaussian
Trace_054.csv,-71.95944371,-95.69451977,23.73507607,467545309.3,Gaussian
Trace_055.csv,-70.61348463,-95.14887006,24.53538543,467549539.4,Gaussian
Trace_056.csv,-69.93068531,-95.62858757,25.69790226,467566459.9,Gaussian
Trace_057.csv,-68.56193863,-95.12468927,26.56275063,467824497.1,Gaussian
Trace_058.csv,-69.95035763,-95.28762712,25.33726948,467570690,Gaussian
Trace_059.csv,-69.88932394,-95.29903955,25.4097156,467557999.7,Gaussian
Trace_060.csv,-69.74801926,-95.32152542,25.57350617,467655292.4,Gaussian
Trace_061.csv,-70.71549374,-95.47683616,24.76134242,467549539.5,Gaussian
Trace_062.csv,-70.71921703,-95.52655367,24.80733664,467553769.5,Gaussian
Trace_063.csv,-70.47400273,-95.52225989,25.04825715,467541079.2,Gaussian
Trace_064.csv,-69.23473822,-95.10485876,25.87012054,467549539.4,Gaussian
Trace_065.csv,-69.91694329,-95.18,25.26305671,467562229.8,Gaussian
Trace_066.csv,-70.52914865,-95.63785311,25.10870446,467557999.7,Gaussian
Trace_067.csv,-70.01880054,-95.16757062,25.14877008,467566459.9,Gaussian
Trace_068.csv,-70.37862348,-95.47542373,25.09680025,467562229.8,Gaussian
Trace_069.csv,-71.55304762,-95.39327684,23.84022922,467557999.7,Gaussian
Trace_070.csv,-70.28864499,-95.37361582,25.08497083,467562229.8,Gaussian
Trace_071.csv,-71.16416781,-95.31926554,24.15509772,467557999.7,Gaussian
Trace_072.csv,-70.57518625,-95.47350282,24.89831658,467574920.2,Gaussian
Trace_073.csv,-70.43776882,-95.53033898,25.09257017,467545309.3,Gaussian
Trace_074.csv,-69.88872428,-95.09107345,25.20234917,467562229.8,Gaussian
Trace_075.csv,-69.63407859,-95.5419209,25.90784231,467553769.6,Gaussian
Trace_076.csv,-69.15729167,-94.76084746,25.60355579,467591840.6,Gaussian
Trace_077.csv,-70.05709809,-95.44570621,25.38860812,467541079.2,Gaussian
Trace_078.csv,-69.41253482,-95.27531073,25.86277592,467553769.5,Gaussian
Trace_079.csv,-70.56421622,-95.35525424,24.79103802,467557999.7,Gaussian
Trace_080.csv,-71.1073494,-95.1699435,24.06259411,467553769.6,Gaussian
Trace_081.csv,-71.70891599,-95.57378531,23.86486932,467553769.5,Gaussian
Trace_082.csv,-70.26391421,-95.33418079,25.07026658,467524158.7,Gaussian
Trace_083.csv,-71.27934993,-95.51322034,24.23387041,467562229.8,Gaussian
Trace_084.csv,-71.15317181,-95.32819209,24.17502028,467557999.7,Gaussian
Trace_085.csv,-70.83990411,-95.64768362,24.80777951,467566459.9,Gaussian
Trace_086.csv,-70.00777166,-94.99971751,24.99194585,467574920.1,Gaussian
Trace_087.csv,-71.26520476,-95.82389831,24.55869355,467536849,Gaussian
Trace_088.csv,-71.50536111,-95.32090395,23.81554284,467557999.7,Gaussian
Trace_089.csv,-71.49935616,-95.31785311,23.81849694,467566459.9,Gaussian
Trace_090.csv,-70.29694408,-95.22158192,24.92463784,467574920.1,Gaussian
Trace_091.csv,-70.74348138,-95.48559322,24.74211184,467591840.6,Gaussian
Trace_092.csv,-70.74378768,-95.39536723,24.65157955,467557999.7,Gaussian
Trace_093.csv,-68.88370771,-95.34316384,26.45945613,467570690,Gaussian
Trace_094.csv,-68.96180082,-95.11429379,26.15249297,467587610.5,Gaussian
Trace_095.csv,-70.79632682,-95.45344633,24.65711951,467591840.6,Gaussian
Trace_096.csv,-71.33860465,-95.52785311,24.18924846,467541079.2,Gaussian
Trace_097.csv,-71.51258503,-94.97423729,23.46165225,467553769.5,Gaussian
Trace_098.csv,-70.6334127,-95.48288136,24.84946866,467579150.3,Gaussian
Trace_099.csv,-70.0420383,-95.42135593,25.37931763,467566459.9,Gaussian
Trace_100.csv,-69.58687335,-95.13881356,25.55194021,467536849,Gaussian
Trace_001.csv,-49.76796321,-60.52644068,10.75847747,467541079.2,Gaussian
Trace_002.csv,-70.13566038,-95.19112994,25.05546957,467545309.3,Gaussian
Trace_003.csv,-69.77990398,-95.24632768,25.46642371,467549539.4,Gaussian
Trace_004.csv,-68.72525965,-95.1840113,26.45875165,467566459.9,Gaussian
Trace_005.csv,-69.39884562,-95.84062147,26.44177585,467574920.1,Gaussian
Trace_006.csv,-69.64627785,-95.41305085,25.766773,467557999.7,Gaussian
Trace_007.csv,-67.94382843,-95.29,27.34617157,467549539.4,Gaussian
Trace_008.csv,-68.08131258,-95.11666667,27.03535408,467570690,Gaussian
Trace_009.csv,-68.6366205,-95.43757062,26.80095012,467545309.3,Gaussian
Trace_010.csv,-68.93542969,-95.35033898,26.4149093,467557999.7,Gaussian
Trace_011.csv,-69.34362416,-95.1580791,25.81445493,467532619,Gaussian
Trace_012.csv,-68.4296206,-95.13372881,26.70410822,467545309.3,Gaussian
Trace_013.csv,-68.20389877,-95.33909605,27.13519728,467566459.9,Gaussian
Trace_014.csv,-67.97935743,-95.10129944,27.12194201,467553769.5,Gaussian
Trace_015.csv,-69.18208564,-94.97225989,25.79017425,467600300.9,Gaussian
Trace_016.csv,-69.30269972,-95.44570621,26.14300649,467549539.4,Gaussian
Trace_017.csv,-67.65711082,-95.01361582,27.356505,467553769.5,Gaussian
Trace_018.csv,-68.50432168,-94.83519774,26.33087606,467557999.7,Gaussian
Trace_019.csv,-68.63716253,-95.32548023,26.68831769,467545309.3,Gaussian
Trace_020.csv,-69.28432935,-95.32112994,26.03680059,467545309.3,Gaussian
Trace_021.csv,-70.18240051,-95.25694915,25.07454864,467532619,Gaussian
Trace_022.csv,-68.15697706,-95.01864407,26.86166701,467934480.2,Gaussian
Trace_023.csv,-68.64379076,-95.24932203,26.60553127,467557999.6,Gaussian
Trace_024.csv,-68.55130728,-94.77378531,26.22247803,467545309.3,Gaussian
Trace_025.csv,-67.9655526,-94.95570621,26.99015362,467566459.9,Gaussian
Trace_026.csv,-69.86412005,-95.32841808,25.46429802,467541079.2,Gaussian
Trace_027.csv,-70.07790761,-95.04141243,24.96350482,467557999.7,Gaussian
Trace_028.csv,-69.26154255,-95.09474576,25.83320321,467350723.9,Gaussian
Trace_029.csv,-68.86663576,-95.04,26.17336424,467587610.5,Gaussian
Trace_030.csv,-69.69531915,-95.32,25.62468085,467524158.7,Gaussian
Trace_031.csv,-69.36300932,-95.13875706,25.77574774,467816036.9,Gaussian
Trace_032.csv,-68.72390244,-95.15977401,26.43587157,467566459.9,Gaussian
Trace_033.csv,-68.48755705,-95.0580791,26.57052205,467528388.8,Gaussian
Trace_034.csv,-68.39622973,-95.5159887,27.11975897,467557999.7,Gaussian
Trace_035.csv,-70.09231863,-95.16056497,25.06824634,467562229.8,Gaussian
Trace_036.csv,-69.02531207,-95.57689266,26.55158059,467562229.8,Gaussian
Trace_037.csv,-68.5209492,-95.25124294,26.73029374,467553769.6,Gaussian
Trace_038.csv,-69.01595658,-95.29468927,26.27873268,467553769.5,Gaussian
Trace_039.csv,-68.45827586,-95.27677966,26.8185038,467549539.4,Gaussian
Trace_040.csv,-69.96154461,-95.77344633,25.81190172,467545309.3,Gaussian
Trace_041.csv,-69.7670467,-95.32745763,25.56041092,467557999.7,Gaussian
Trace_042.csv,-69.36112772,-95.35864407,25.99751635,467570690,Gaussian
Trace_043.csv,-69.37986702,-95.24310734,25.86324032,467549539.4,Gaussian
Trace_044.csv,-67.64390582,-95.22350282,27.57959701,467600300.8,Gaussian
Trace_045.csv,-69.16412245,-95.00813559,25.84401314,467574920.2,Gaussian
Trace_046.csv,-69.23905333,-95.14152542,25.90247209,467579150.3,Gaussian
Trace_047.csv,-68.66020604,-95.41508475,26.7548787,467566459.9,Gaussian
Trace_048.csv,-68.10055172,-94.94711864,26.84656692,467570690,Gaussian
Trace_049.csv,-69.47892583,-95.67039548,26.19146965,467566459.9,Gaussian
Trace_050.csv,-69.11521797,-95.32898305,26.21376509,467557999.6,Gaussian
Trace_051.csv,-68.14472409,-95.02937853,26.88465444,467545309.3,Gaussian
Trace_052.csv,-69.57248626,-95.23124294,25.65875667,467553769.5,Gaussian
Trace_053.csv,-68.80058008,-95.33542373,26.53484365,467553769.5,Gaussian
Trace_054.csv,-68.50279279,-95.27231638,26.76952359,467553769.5,Gaussian
Trace_055.csv,-69.83942234,-95.23971751,25.40029518,467562229.8,Gaussian
Trace_056.csv,-69.07907967,-95.31813559,26.23905592,467532619,Gaussian
Trace_057.csv,-68.47615702,-95.40468927,26.92853224,467541079.2,Gaussian
Trace_058.csv,-68.59398098,-95.30107345,26.70709247,467532618.9,Gaussian
Trace_059.csv,-68.7101043,-95.38966102,26.67955671,467536849,Gaussian
Trace_060.csv,-68.66347942,-95.3739548,26.71047539,467545309.3,Gaussian
Trace_061.csv,-69.76902062,-95.10367232,25.3346517,467553769.5,Gaussian
Trace_062.csv,-69.86558594,-95.30717514,25.4415892,467562229.8,Gaussian
Trace_063.csv,-68.61302949,-95.26887006,26.65584057,467579150.2,Gaussian
Trace_064.csv,-71.2253453,-95.40367232,24.17832701,467553769.5,Gaussian
Trace_065.csv,-69.09295082,-95.04045198,25.94750116,467570690,Gaussian
Trace_066.csv,-69.16768212,-95.30186441,26.13418229,467549539.4,Gaussian
Trace_067.csv,-69.42748705,-95.10384181,25.67635476,467553769.5,Gaussian
Trace_068.csv,-69.64229081,-95.62576271,25.9834719,467566459.9,Gaussian
Trace_069.csv,-68.47444444,-95.12310734,26.6486629,467579150.2,Gaussian
Trace_070.csv,-67.59346369,-95.01943503,27.42597134,467570690,Gaussian
Trace_071.csv,-68.45412172,-95.36124294,26.90712122,467574920.2,Gaussian
Trace_072.csv,-67.96320833,-95.17271186,27.20950353,467545309.3,Gaussian
Trace_073.csv,-69.15661499,-95.08096045,25.92434546,467536849.1,Gaussian
Trace_074.csv,-70.74854108,-95.65853107,24.90999,467566459.9,Gaussian
Trace_075.csv,-68.10802835,-95.03062147,26.92259312,467566459.9,Gaussian
Trace_076.csv,-69.4704799,-95.13723164,25.66675174,467541079.2,Gaussian
Trace_077.csv,-68.72505333,-95.45937853,26.7343252,467545309.3,Gaussian
Trace_078.csv,-68.9987619,-95.20751412,26.20875222,467562229.8,Gaussian
Trace_079.csv,-69.11661725,-95.4759322,26.35931495,467557999.7,Gaussian
Trace_080.csv,-67.10157047,-95.07711864,27.97554817,467524158.7,Gaussian
Trace_081.csv,-67.84069106,-95.22553672,27.38484567,467541079.2,Gaussian
Trace_082.csv,-69.09472335,-95.53457627,26.43985292,467574920.2,Gaussian
Trace_083.csv,-68.11684358,-95.55830508,27.44146151,467549539.4,Gaussian
Trace_084.csv,-68.86991859,-95.21847458,26.34855599,467574920.1,Gaussian
Trace_085.csv,-68.42625698,-95.44836158,27.0221046,467583380.4,Gaussian
Trace_086.csv,-69.0838482,-95.47711864,26.39327044,467549539.4,Gaussian
Trace_087.csv,-66.79077657,-95.28333333,28.49255677,467545309.3,Gaussian
Trace_088.csv,-67.75178429,-94.92943503,27.17765074,467549539.4,Gaussian
Trace_089.csv,-68.51412224,-95.26548023,26.75135799,467557999.7,Gaussian
Trace_090.csv,-68.69881616,-95.38920904,26.69039288,467545309.3,Gaussian
Trace_091.csv,-68.53143056,-95.10971751,26.57828696,467566459.9,Gaussian
Trace_092.csv,-68.23397622,-95.26666667,27.03269044,467553769.5,Gaussian
Trace_093.csv,-68.77814461,-95.29474576,26.51660115,467562229.8,Gaussian
Trace_094.csv,-69.1208642,-95.19175141,26.07088721,467557999.7,Gaussian
Trace_095.csv,-67.40682432,-95.26429379,27.85746946,467570690,Gaussian
Trace_096.csv,-68.8394095,-95.36751412,26.52810462,467570690,Gaussian
Trace_097.csv,-68.28199465,-95.10022599,26.81823134,467562229.8,Gaussian
Trace_098.csv,-69.99135211,-95.40118644,25.40983433,467562229.8,Gaussian
Trace_099.csv,-68.43308743,-95.2619774,26.82888997,467549539.4,Gaussian
Trace_100.csv,-68.8067013,-95.50124294,26.69454164,467553769.5,Gaussian
